date,dark_hours,hashed_uid
2013-03-27,9.275555555555556,cd6251b4de52453b
2013-03-28,3.736944444444444,cd6251b4de52453b
2013-03-29,11.289444444444445,cd6251b4de52453b
2013-03-30,2.5391666666666666,cd6251b4de52453b
2013-03-31,16.35527777777778,cd6251b4de52453b
2013-04-01,1.7694444444444444,cd6251b4de52453b
2013-04-02,14.5925,cd6251b4de52453b
2013-04-03,11.716111111111111,cd6251b4de52453b
2013-04-04,1.1608333333333334,cd6251b4de52453b
2013-04-05,15.081666666666667,cd6251b4de52453b
2013-04-06,3.9925,cd6251b4de52453b
2013-04-07,12.199722222222222,cd6251b4de52453b
2013-04-08,13.738055555555555,cd6251b4de52453b
2013-04-09,15.852222222222222,cd6251b4de52453b
2013-04-10,7.273888888888889,cd6251b4de52453b
2013-04-11,1.1125,cd6251b4de52453b
2013-04-12,11.518611111111111,cd6251b4de52453b
2013-04-13,6.699722222222222,cd6251b4de52453b
2013-04-14,14.725277777777777,cd6251b4de52453b
2013-04-15,9.500833333333334,cd6251b4de52453b
2013-04-16,16.32138888888889,cd6251b4de52453b
2013-04-17,6.135555555555555,cd6251b4de52453b
2013-04-18,12.469166666666666,cd6251b4de52453b
2013-04-19,6.601111111111111,cd6251b4de52453b
2013-04-20,22.896388888888886,cd6251b4de52453b
2013-04-21,9.846388888888889,cd6251b4de52453b
2013-04-22,5.748888888888889,cd6251b4de52453b
2013-04-23,12.6,cd6251b4de52453b
2013-04-24,5.809166666666666,cd6251b4de52453b
2013-04-25,15.578055555555554,cd6251b4de52453b
2013-04-26,9.02111111111111,cd6251b4de52453b
2013-04-27,2.147222222222222,cd6251b4de52453b
2013-04-28,7.9825,cd6251b4de52453b
2013-04-29,6.903333333333333,cd6251b4de52453b
2013-04-30,6.720277777777778,cd6251b4de52453b
2013-05-01,8.687777777777777,cd6251b4de52453b
2013-05-02,1.191111111111111,cd6251b4de52453b
2013-05-03,1.67,cd6251b4de52453b
2013-05-04,3.0483333333333333,cd6251b4de52453b
2013-05-05,4.470555555555555,cd6251b4de52453b
2013-05-06,16.045555555555556,cd6251b4de52453b
2013-05-07,3.7,cd6251b4de52453b
2013-05-08,11.82,cd6251b4de52453b
2013-05-09,13.491944444444444,cd6251b4de52453b
2013-05-10,4.094166666666666,cd6251b4de52453b
2013-05-11,11.848611111111111,cd6251b4de52453b
2013-05-12,4.403888888888889,cd6251b4de52453b
2013-05-13,16.149722222222223,cd6251b4de52453b
2013-05-15,4.333611111111111,cd6251b4de52453b
2013-05-16,8.570277777777777,cd6251b4de52453b
2013-05-19,3.6063888888888886,cd6251b4de52453b
2013-05-23,1.08,cd6251b4de52453b
2013-05-24,1.5969444444444445,cd6251b4de52453b
2013-05-25,1.1872222222222222,cd6251b4de52453b
2013-05-26,16.994444444444447,cd6251b4de52453b
2013-05-28,6.131666666666667,cd6251b4de52453b
2013-05-29,1.0691666666666666,cd6251b4de52453b
2013-05-30,12.061944444444444,cd6251b4de52453b
2013-05-31,2.2941666666666665,cd6251b4de52453b
2013-03-27,18.49888888888889,26119daf181335b2
2013-03-28,8.775277777777777,26119daf181335b2
2013-03-29,14.659166666666668,26119daf181335b2
2013-03-30,17.548055555555557,26119daf181335b2
2013-03-31,11.648055555555556,26119daf181335b2
2013-04-01,18.691111111111113,26119daf181335b2
2013-04-03,11.391944444444444,26119daf181335b2
2013-04-04,9.932500000000001,26119daf181335b2
2013-04-05,10.885277777777778,26119daf181335b2
2013-04-06,7.636388888888889,26119daf181335b2
2013-04-07,10.7725,26119daf181335b2
2013-04-08,14.842222222222222,26119daf181335b2
2013-04-09,12.885555555555555,26119daf181335b2
2013-04-10,21.15222222222222,26119daf181335b2
2013-04-11,22.630277777777778,26119daf181335b2
2013-04-12,16.92666666666667,26119daf181335b2
2013-04-13,7.041944444444444,26119daf181335b2
2013-04-14,9.075833333333334,26119daf181335b2
2013-04-15,1.925,26119daf181335b2
2013-04-16,1.1983333333333333,26119daf181335b2
2013-04-17,9.754444444444445,26119daf181335b2
2013-04-18,6.7508333333333335,26119daf181335b2
2013-04-19,10.518888888888888,26119daf181335b2
2013-04-20,14.958888888888888,26119daf181335b2
2013-04-21,14.752500000000001,26119daf181335b2
2013-04-22,19.203611111111112,26119daf181335b2
2013-04-23,6.368333333333334,26119daf181335b2
2013-04-24,19.110555555555557,26119daf181335b2
2013-04-25,22.241944444444446,26119daf181335b2
2013-04-26,16.223888888888887,26119daf181335b2
2013-04-27,8.673055555555555,26119daf181335b2
2013-04-28,5.832222222222223,26119daf181335b2
2013-04-29,17.567777777777778,26119daf181335b2
2013-04-30,8.610277777777778,26119daf181335b2
2013-05-01,23.300555555555555,26119daf181335b2
2013-05-02,20.74138888888889,26119daf181335b2
2013-05-03,11.731388888888889,26119daf181335b2
2013-05-04,1.4258333333333333,26119daf181335b2
2013-05-07,2.714166666666667,26119daf181335b2
2013-05-08,8.659722222222221,26119daf181335b2
2013-05-09,2.6783333333333332,26119daf181335b2
2013-05-10,6.623333333333333,26119daf181335b2
2013-05-11,2.9819444444444443,26119daf181335b2
2013-05-12,13.949722222222222,26119daf181335b2
2013-05-13,24.525555555555556,26119daf181335b2
2013-05-14,6.658611111111112,26119daf181335b2
2013-05-15,23.20888888888889,26119daf181335b2
2013-05-16,19.699444444444445,26119daf181335b2
2013-05-17,8.9525,26119daf181335b2
2013-05-18,11.696111111111112,26119daf181335b2
2013-05-19,9.634722222222223,26119daf181335b2
2013-05-21,2.120277777777778,26119daf181335b2
2013-05-22,12.898055555555555,26119daf181335b2
2013-05-23,16.959444444444443,26119daf181335b2
2013-05-26,20.3225,26119daf181335b2
2013-05-27,8.448333333333334,26119daf181335b2
2013-05-28,2.3525,26119daf181335b2
2013-03-26,9.318888888888889,37985280ff34ce04
2013-03-27,2.7958333333333334,37985280ff34ce04
2013-03-28,9.4425,37985280ff34ce04
2013-03-29,11.516388888888889,37985280ff34ce04
2013-03-30,20.950833333333335,37985280ff34ce04
2013-03-31,1.035,37985280ff34ce04
2013-04-01,12.979722222222222,37985280ff34ce04
2013-04-02,1.1419444444444444,37985280ff34ce04
2013-04-03,21.56416666666667,37985280ff34ce04
2013-04-04,2.4883333333333333,37985280ff34ce04
2013-04-05,17.44111111111111,37985280ff34ce04
2013-04-06,20.682222222222222,37985280ff34ce04
2013-04-08,13.428333333333335,37985280ff34ce04
2013-04-09,11.174166666666666,37985280ff34ce04
2013-04-10,7.141944444444444,37985280ff34ce04
2013-04-11,12.8225,37985280ff34ce04
2013-04-12,8.994166666666667,37985280ff34ce04
2013-04-13,2.8200000000000003,37985280ff34ce04
2013-04-14,13.353333333333333,37985280ff34ce04
2013-04-15,15.47,37985280ff34ce04
2013-04-16,11.370555555555555,37985280ff34ce04
2013-04-17,14.196666666666667,37985280ff34ce04
2013-04-18,8.511944444444445,37985280ff34ce04
2013-04-20,2.1925,37985280ff34ce04
2013-04-21,1.2213888888888889,37985280ff34ce04
2013-04-22,8.5075,37985280ff34ce04
2013-04-23,21.615000000000002,37985280ff34ce04
2013-04-24,5.088333333333333,37985280ff34ce04
2013-04-25,8.085277777777778,37985280ff34ce04
2013-04-26,8.743611111111111,37985280ff34ce04
2013-04-27,11.632777777777779,37985280ff34ce04
2013-04-28,4.857777777777778,37985280ff34ce04
2013-04-29,7.533333333333333,37985280ff34ce04
2013-04-30,9.570555555555556,37985280ff34ce04
2013-05-01,11.221944444444444,37985280ff34ce04
2013-05-02,19.744722222222222,37985280ff34ce04
2013-05-03,4.609999999999999,37985280ff34ce04
2013-05-04,9.443888888888889,37985280ff34ce04
2013-05-05,10.270555555555557,37985280ff34ce04
2013-05-06,3.0747222222222224,37985280ff34ce04
2013-05-07,14.22888888888889,37985280ff34ce04
2013-05-08,2.797777777777778,37985280ff34ce04
2013-05-09,5.514166666666667,37985280ff34ce04
2013-05-10,13.748888888888889,37985280ff34ce04
2013-05-11,3.9366666666666665,37985280ff34ce04
2013-05-12,7.832777777777777,37985280ff34ce04
2013-05-14,14.009444444444444,37985280ff34ce04
2013-05-15,2.663333333333333,37985280ff34ce04
2013-05-16,13.484444444444444,37985280ff34ce04
2013-05-17,11.081111111111111,37985280ff34ce04
2013-05-18,6.099444444444445,37985280ff34ce04
2013-05-19,15.39138888888889,37985280ff34ce04
2013-05-20,11.6675,37985280ff34ce04
2013-05-21,1.1183333333333334,37985280ff34ce04
2013-05-22,6.756944444444445,37985280ff34ce04
2013-05-23,8.324444444444445,37985280ff34ce04
2013-05-24,10.237222222222222,37985280ff34ce04
2013-05-26,1.1158333333333332,37985280ff34ce04
2013-05-27,6.4255555555555555,37985280ff34ce04
2013-05-28,8.335,37985280ff34ce04
2013-05-29,6.374444444444444,37985280ff34ce04
2013-05-30,15.767222222222221,37985280ff34ce04
2013-05-31,6.633611111111111,37985280ff34ce04
2013-03-26,5.443888888888889,4fc7d2e42c31e91b
2013-03-27,14.096111111111112,4fc7d2e42c31e91b
2013-03-28,8.941944444444445,4fc7d2e42c31e91b
2013-03-30,8.939166666666667,4fc7d2e42c31e91b
2013-04-01,11.273888888888889,4fc7d2e42c31e91b
2013-04-03,9.356666666666667,4fc7d2e42c31e91b
2013-04-05,3.384444444444444,4fc7d2e42c31e91b
2013-04-07,8.332222222222223,4fc7d2e42c31e91b
2013-04-08,6.046666666666667,4fc7d2e42c31e91b
2013-04-09,3.408888888888889,4fc7d2e42c31e91b
2013-04-10,1.9930555555555556,4fc7d2e42c31e91b
2013-04-11,10.328055555555556,4fc7d2e42c31e91b
2013-04-14,7.053888888888888,4fc7d2e42c31e91b
2013-04-15,22.405,4fc7d2e42c31e91b
2013-04-16,8.424722222222222,4fc7d2e42c31e91b
2013-04-17,1.1194444444444445,4fc7d2e42c31e91b
2013-04-21,6.298333333333333,4fc7d2e42c31e91b
2013-04-22,9.515277777777778,4fc7d2e42c31e91b
2013-04-23,13.6575,4fc7d2e42c31e91b
2013-04-28,4.316666666666666,4fc7d2e42c31e91b
2013-04-29,19.100277777777777,4fc7d2e42c31e91b
2013-04-30,6.910277777777778,4fc7d2e42c31e91b
2013-05-05,4.543611111111112,4fc7d2e42c31e91b
2013-05-06,16.054166666666667,4fc7d2e42c31e91b
2013-05-10,2.818888888888889,4fc7d2e42c31e91b
2013-05-11,4.993055555555555,4fc7d2e42c31e91b
2013-05-14,7.691388888888889,4fc7d2e42c31e91b
2013-05-15,17.267777777777777,4fc7d2e42c31e91b
2013-05-21,1.63,4fc7d2e42c31e91b
2013-03-26,7.074166666666667,5c373475c11275cb
2013-03-27,17.29,5c373475c11275cb
2013-03-28,8.260833333333334,5c373475c11275cb
2013-03-29,12.909166666666666,5c373475c11275cb
2013-03-30,8.454444444444444,5c373475c11275cb
2013-03-31,22.341944444444444,5c373475c11275cb
2013-04-01,11.114444444444445,5c373475c11275cb
2013-04-02,26.488611111111112,5c373475c11275cb
2013-04-03,16.9,5c373475c11275cb
2013-04-04,16.40972222222222,5c373475c11275cb
2013-04-05,16.780555555555555,5c373475c11275cb
2013-04-06,19.14888888888889,5c373475c11275cb
2013-04-07,10.7425,5c373475c11275cb
2013-04-08,17.821944444444444,5c373475c11275cb
2013-04-09,19.149444444444445,5c373475c11275cb
2013-04-10,9.764444444444443,5c373475c11275cb
2013-04-11,17.881666666666668,5c373475c11275cb
2013-04-12,2.8855555555555554,5c373475c11275cb
2013-04-13,13.512777777777778,5c373475c11275cb
2013-04-14,23.57027777777778,5c373475c11275cb
2013-04-15,16.885,5c373475c11275cb
2013-04-16,6.133333333333334,5c373475c11275cb
2013-04-17,16.462777777777777,5c373475c11275cb
2013-04-18,19.05027777777778,5c373475c11275cb
2013-04-19,12.630555555555556,5c373475c11275cb
2013-04-20,6.815,5c373475c11275cb
2013-04-21,10.09,5c373475c11275cb
2013-04-22,18.924722222222222,5c373475c11275cb
2013-04-23,13.656388888888888,5c373475c11275cb
2013-04-24,23.481388888888887,5c373475c11275cb
2013-04-25,13.136944444444445,5c373475c11275cb
2013-04-26,17.704444444444444,5c373475c11275cb
2013-04-27,25.45111111111111,5c373475c11275cb
2013-04-28,6.109999999999999,5c373475c11275cb
2013-04-29,12.695555555555556,5c373475c11275cb
2013-04-30,7.275277777777777,5c373475c11275cb
2013-05-01,19.96138888888889,5c373475c11275cb
2013-05-02,26.84777777777778,5c373475c11275cb
2013-05-03,5.783055555555555,5c373475c11275cb
2013-05-04,22.56111111111111,5c373475c11275cb
2013-05-05,14.05638888888889,5c373475c11275cb
2013-05-06,4.576666666666666,5c373475c11275cb
2013-05-07,12.463611111111112,5c373475c11275cb
2013-05-08,23.912222222222223,5c373475c11275cb
2013-05-09,13.860833333333334,5c373475c11275cb
2013-05-10,19.030555555555555,5c373475c11275cb
2013-05-11,17.870833333333334,5c373475c11275cb
2013-05-12,14.426666666666666,5c373475c11275cb
2013-05-13,18.987777777777776,5c373475c11275cb
2013-05-14,19.975833333333334,5c373475c11275cb
2013-05-15,19.893333333333334,5c373475c11275cb
2013-05-16,17.397222222222222,5c373475c11275cb
2013-05-17,21.280833333333334,5c373475c11275cb
2013-05-18,9.056944444444444,5c373475c11275cb
2013-05-19,4.166388888888889,5c373475c11275cb
2013-05-20,15.716111111111111,5c373475c11275cb
2013-05-21,19.35333333333333,5c373475c11275cb
2013-05-22,14.994444444444444,5c373475c11275cb
2013-03-27,14.880555555555556,42a389ebb402924a
2013-03-28,11.999444444444446,42a389ebb402924a
2013-03-29,6.216111111111111,42a389ebb402924a
2013-03-30,20.323333333333334,42a389ebb402924a
2013-03-31,15.941944444444445,42a389ebb402924a
2013-04-01,4.159722222222222,42a389ebb402924a
2013-04-02,10.561666666666666,42a389ebb402924a
2013-04-03,19.219166666666666,42a389ebb402924a
2013-04-04,12.845833333333333,42a389ebb402924a
2013-04-05,8.611666666666666,42a389ebb402924a
2013-04-06,19.574444444444445,42a389ebb402924a
2013-04-07,14.210555555555556,42a389ebb402924a
2013-04-08,13.205,42a389ebb402924a
2013-04-09,25.0725,42a389ebb402924a
2013-04-10,6.0633333333333335,42a389ebb402924a
2013-04-11,9.604166666666666,42a389ebb402924a
2013-04-12,3.3116666666666665,42a389ebb402924a
2013-04-13,22.20583333333333,42a389ebb402924a
2013-04-14,6.733611111111111,42a389ebb402924a
2013-04-15,16.4575,42a389ebb402924a
2013-04-16,10.588055555555556,42a389ebb402924a
2013-04-17,16.890555555555558,42a389ebb402924a
2013-04-18,1.6788888888888889,42a389ebb402924a
2013-04-19,2.8563888888888886,42a389ebb402924a
2013-04-20,1.9283333333333332,42a389ebb402924a
2013-04-21,1.636111111111111,42a389ebb402924a
2013-04-22,10.935555555555556,42a389ebb402924a
2013-04-23,14.822777777777778,42a389ebb402924a
2013-04-24,10.142777777777777,42a389ebb402924a
2013-04-25,11.813055555555554,42a389ebb402924a
2013-04-26,22.129166666666666,42a389ebb402924a
2013-04-28,4.296666666666667,42a389ebb402924a
2013-04-29,12.270277777777778,42a389ebb402924a
2013-04-30,19.26111111111111,42a389ebb402924a
2013-05-01,13.370555555555555,42a389ebb402924a
2013-05-02,8.481666666666666,42a389ebb402924a
2013-05-03,13.948888888888888,42a389ebb402924a
2013-05-04,26.890277777777776,42a389ebb402924a
2013-05-05,10.600277777777778,42a389ebb402924a
2013-05-06,9.573611111111111,42a389ebb402924a
2013-05-08,7.93,42a389ebb402924a
2013-05-09,4.051666666666667,42a389ebb402924a
2013-05-10,3.6983333333333333,42a389ebb402924a
2013-05-12,17.68138888888889,42a389ebb402924a
2013-05-13,11.678333333333333,42a389ebb402924a
2013-05-14,12.38888888888889,42a389ebb402924a
2013-05-15,6.8886111111111115,42a389ebb402924a
2013-05-18,4.824722222222222,42a389ebb402924a
2013-05-19,7.542222222222223,42a389ebb402924a
2013-05-20,3.5027777777777778,42a389ebb402924a
2013-05-21,15.893333333333334,42a389ebb402924a
2013-05-22,1.18,42a389ebb402924a
2013-05-26,4.761111111111111,42a389ebb402924a
2013-05-27,16.38,42a389ebb402924a
2013-05-28,6.886111111111111,42a389ebb402924a
2013-05-29,5.323055555555555,42a389ebb402924a
2013-03-27,11.271944444444443,cda188c15b09fbc7
2013-03-28,2.5419444444444443,cda188c15b09fbc7
2013-03-29,3.765,cda188c15b09fbc7
2013-03-30,12.116944444444444,cda188c15b09fbc7
2013-03-31,12.966111111111111,cda188c15b09fbc7
2013-04-01,7.8125,cda188c15b09fbc7
2013-04-02,12.710833333333333,cda188c15b09fbc7
2013-04-03,20.996666666666666,cda188c15b09fbc7
2013-04-04,14.84,cda188c15b09fbc7
2013-04-05,12.719722222222222,cda188c15b09fbc7
2013-04-06,10.045555555555556,cda188c15b09fbc7
2013-04-07,15.824722222222222,cda188c15b09fbc7
2013-04-08,14.478055555555555,cda188c15b09fbc7
2013-04-09,5.915277777777778,cda188c15b09fbc7
2013-04-10,18.996388888888887,cda188c15b09fbc7
2013-04-11,15.112777777777778,cda188c15b09fbc7
2013-04-12,18.538055555555555,cda188c15b09fbc7
2013-04-13,14.723333333333333,cda188c15b09fbc7
2013-04-14,6.034166666666667,cda188c15b09fbc7
2013-04-15,14.713611111111112,cda188c15b09fbc7
2013-04-16,21.49972222222222,cda188c15b09fbc7
2013-04-17,7.368888888888889,cda188c15b09fbc7
2013-04-18,18.732777777777777,cda188c15b09fbc7
2013-04-19,11.671666666666667,cda188c15b09fbc7
2013-04-20,9.264166666666666,cda188c15b09fbc7
2013-04-21,15.361944444444445,cda188c15b09fbc7
2013-04-22,14.393888888888888,cda188c15b09fbc7
2013-04-23,12.154166666666667,cda188c15b09fbc7
2013-04-24,12.613888888888887,cda188c15b09fbc7
2013-04-25,15.80111111111111,cda188c15b09fbc7
2013-04-26,11.1475,cda188c15b09fbc7
2013-04-28,2.368611111111111,cda188c15b09fbc7
2013-04-29,7.178055555555556,cda188c15b09fbc7
2013-04-30,5.695833333333333,cda188c15b09fbc7
2013-05-01,3.331944444444445,cda188c15b09fbc7
2013-05-02,16.810000000000002,cda188c15b09fbc7
2013-05-03,13.955277777777779,cda188c15b09fbc7
2013-05-04,14.922777777777778,cda188c15b09fbc7
2013-05-06,16.371111111111112,cda188c15b09fbc7
2013-05-07,12.997777777777777,cda188c15b09fbc7
2013-05-08,1.1222222222222222,cda188c15b09fbc7
2013-05-09,10.997222222222222,cda188c15b09fbc7
2013-05-10,21.50138888888889,cda188c15b09fbc7
2013-05-11,10.23472222222222,cda188c15b09fbc7
2013-05-12,17.95777777777778,cda188c15b09fbc7
2013-05-13,14.262500000000001,cda188c15b09fbc7
2013-05-14,10.653611111111111,cda188c15b09fbc7
2013-03-27,12.03,e6f9550c1a45e908
2013-03-28,9.710277777777776,e6f9550c1a45e908
2013-03-29,14.973333333333334,e6f9550c1a45e908
2013-03-30,14.080277777777777,e6f9550c1a45e908
2013-03-31,7.520277777777778,e6f9550c1a45e908
2013-04-01,11.321944444444444,e6f9550c1a45e908
2013-04-02,10.450555555555555,e6f9550c1a45e908
2013-04-03,13.67361111111111,e6f9550c1a45e908
2013-04-04,10.834722222222222,e6f9550c1a45e908
2013-04-05,12.383055555555556,e6f9550c1a45e908
2013-04-06,4.567222222222222,e6f9550c1a45e908
2013-04-07,7.361944444444444,e6f9550c1a45e908
2013-04-08,14.018611111111111,e6f9550c1a45e908
2013-04-09,9.610555555555555,e6f9550c1a45e908
2013-04-10,14.136388888888888,e6f9550c1a45e908
2013-04-11,17.295555555555556,e6f9550c1a45e908
2013-04-12,12.179166666666667,e6f9550c1a45e908
2013-04-13,8.009722222222223,e6f9550c1a45e908
2013-04-14,10.298055555555555,e6f9550c1a45e908
2013-04-15,8.947222222222223,e6f9550c1a45e908
2013-04-16,9.995000000000001,e6f9550c1a45e908
2013-04-17,6.724444444444445,e6f9550c1a45e908
2013-04-18,8.03111111111111,e6f9550c1a45e908
2013-04-19,10.172777777777778,e6f9550c1a45e908
2013-04-20,3.503888888888889,e6f9550c1a45e908
2013-04-21,4.5525,e6f9550c1a45e908
2013-04-22,4.523333333333333,e6f9550c1a45e908
2013-04-23,8.907499999999999,e6f9550c1a45e908
2013-04-24,10.330833333333334,e6f9550c1a45e908
2013-04-25,4.695555555555556,e6f9550c1a45e908
2013-04-26,5.833055555555555,e6f9550c1a45e908
2013-04-27,5.838611111111111,e6f9550c1a45e908
2013-04-28,8.095833333333333,e6f9550c1a45e908
2013-04-29,4.9225,e6f9550c1a45e908
2013-04-30,8.398888888888889,e6f9550c1a45e908
2013-05-01,7.9655555555555555,e6f9550c1a45e908
2013-05-02,8.487777777777778,e6f9550c1a45e908
2013-05-03,10.773888888888889,e6f9550c1a45e908
2013-05-04,13.387222222222222,e6f9550c1a45e908
2013-05-05,8.765277777777778,e6f9550c1a45e908
2013-05-06,13.197777777777777,e6f9550c1a45e908
2013-05-07,8.311388888888889,e6f9550c1a45e908
2013-05-08,16.65277777777778,e6f9550c1a45e908
2013-05-09,10.497777777777777,e6f9550c1a45e908
2013-05-10,15.069444444444445,e6f9550c1a45e908
2013-05-11,11.368888888888888,e6f9550c1a45e908
2013-05-12,8.162777777777778,e6f9550c1a45e908
2013-05-13,9.694166666666666,e6f9550c1a45e908
2013-05-14,11.974166666666667,e6f9550c1a45e908
2013-05-15,12.599722222222223,e6f9550c1a45e908
2013-05-16,5.546944444444445,e6f9550c1a45e908
2013-05-17,10.786111111111111,e6f9550c1a45e908
2013-05-18,9.65861111111111,e6f9550c1a45e908
2013-05-19,9.665,e6f9550c1a45e908
2013-05-20,2.7380555555555555,e6f9550c1a45e908
2013-05-21,11.494444444444445,e6f9550c1a45e908
2013-05-22,11.730277777777777,e6f9550c1a45e908
2013-05-23,13.811111111111112,e6f9550c1a45e908
2013-05-24,14.553333333333335,e6f9550c1a45e908
2013-05-25,15.644166666666667,e6f9550c1a45e908
2013-05-27,7.246111111111111,e6f9550c1a45e908
2013-05-28,3.615,e6f9550c1a45e908
2013-03-26,9.470277777777778,bcf5858b23ad5d6c
2013-03-27,7.688055555555556,bcf5858b23ad5d6c
2013-03-28,6.348055555555556,bcf5858b23ad5d6c
2013-03-29,10.15861111111111,bcf5858b23ad5d6c
2013-04-01,3.8905555555555553,bcf5858b23ad5d6c
2013-04-02,8.696111111111112,bcf5858b23ad5d6c
2013-04-03,4.298055555555555,bcf5858b23ad5d6c
2013-04-04,9.523333333333333,bcf5858b23ad5d6c
2013-04-05,1.045,bcf5858b23ad5d6c
2013-04-06,4.911944444444444,bcf5858b23ad5d6c
2013-04-07,1.4761111111111112,bcf5858b23ad5d6c
2013-04-08,2.2358333333333333,bcf5858b23ad5d6c
2013-04-09,4.222222222222222,bcf5858b23ad5d6c
2013-04-10,14.046388888888888,bcf5858b23ad5d6c
2013-04-11,10.69611111111111,bcf5858b23ad5d6c
2013-04-12,5.9350000000000005,bcf5858b23ad5d6c
2013-04-13,10.102222222222222,bcf5858b23ad5d6c
2013-04-14,11.711666666666666,bcf5858b23ad5d6c
2013-04-15,2.1516666666666664,bcf5858b23ad5d6c
2013-04-17,6.756666666666667,bcf5858b23ad5d6c
2013-04-18,6.083333333333334,bcf5858b23ad5d6c
2013-04-19,2.767777777777778,bcf5858b23ad5d6c
2013-04-20,19.64805555555556,bcf5858b23ad5d6c
2013-04-21,15.059444444444445,bcf5858b23ad5d6c
2013-04-22,8.440555555555555,bcf5858b23ad5d6c
2013-04-23,13.991944444444444,bcf5858b23ad5d6c
2013-04-24,4.686944444444444,bcf5858b23ad5d6c
2013-04-25,5.813055555555556,bcf5858b23ad5d6c
2013-04-26,10.935833333333333,bcf5858b23ad5d6c
2013-04-27,10.303888888888888,bcf5858b23ad5d6c
2013-04-28,23.22138888888889,bcf5858b23ad5d6c
2013-04-29,1.4652777777777777,bcf5858b23ad5d6c
2013-04-30,8.79,bcf5858b23ad5d6c
2013-05-01,5.444444444444445,bcf5858b23ad5d6c
2013-05-02,8.612777777777778,bcf5858b23ad5d6c
2013-05-03,15.389166666666668,bcf5858b23ad5d6c
2013-05-04,2.3,bcf5858b23ad5d6c
2013-05-05,6.633055555555555,bcf5858b23ad5d6c
2013-05-06,6.973611111111111,bcf5858b23ad5d6c
2013-05-07,18.416944444444447,bcf5858b23ad5d6c
2013-05-08,5.004166666666666,bcf5858b23ad5d6c
2013-05-09,10.927222222222223,bcf5858b23ad5d6c
2013-05-10,11.466944444444444,bcf5858b23ad5d6c
2013-05-11,13.643611111111111,bcf5858b23ad5d6c
2013-05-12,13.960277777777778,bcf5858b23ad5d6c
2013-05-13,5.193888888888889,bcf5858b23ad5d6c
2013-05-14,8.185277777777777,bcf5858b23ad5d6c
2013-05-15,4.862777777777778,bcf5858b23ad5d6c
2013-05-16,11.165833333333333,bcf5858b23ad5d6c
2013-05-17,15.051111111111112,bcf5858b23ad5d6c
2013-05-18,4.025555555555556,bcf5858b23ad5d6c
2013-05-19,13.067499999999999,bcf5858b23ad5d6c
2013-05-20,7.620833333333334,bcf5858b23ad5d6c
2013-05-21,8.128333333333334,bcf5858b23ad5d6c
2013-05-22,9.255277777777778,bcf5858b23ad5d6c
2013-05-23,18.010277777777777,bcf5858b23ad5d6c
2013-05-24,28.069166666666668,bcf5858b23ad5d6c
2013-05-25,14.989722222222222,bcf5858b23ad5d6c
2013-05-26,13.796388888888888,bcf5858b23ad5d6c
2013-05-27,22.611666666666668,bcf5858b23ad5d6c
2013-05-28,5.717777777777778,bcf5858b23ad5d6c
2013-05-29,11.319166666666666,bcf5858b23ad5d6c
2013-05-30,2.4363888888888887,bcf5858b23ad5d6c
2013-03-27,24.996666666666666,4c2427b7dea51ebb
2013-03-28,7.6947222222222225,4c2427b7dea51ebb
2013-03-29,13.247222222222224,4c2427b7dea51ebb
2013-03-30,10.573611111111113,4c2427b7dea51ebb
2013-03-31,17.087500000000002,4c2427b7dea51ebb
2013-04-01,14.699444444444445,4c2427b7dea51ebb
2013-04-02,13.00388888888889,4c2427b7dea51ebb
2013-04-03,11.750277777777779,4c2427b7dea51ebb
2013-04-04,14.48388888888889,4c2427b7dea51ebb
2013-04-05,18.996944444444445,4c2427b7dea51ebb
2013-04-06,24.599444444444444,4c2427b7dea51ebb
2013-04-07,6.860833333333334,4c2427b7dea51ebb
2013-04-08,22.120555555555555,4c2427b7dea51ebb
2013-04-09,12.54388888888889,4c2427b7dea51ebb
2013-04-10,9.233611111111111,4c2427b7dea51ebb
2013-04-11,8.2275,4c2427b7dea51ebb
2013-04-12,6.628611111111111,4c2427b7dea51ebb
2013-04-13,6.064444444444445,4c2427b7dea51ebb
2013-04-14,11.845555555555556,4c2427b7dea51ebb
2013-04-15,12.577777777777778,4c2427b7dea51ebb
2013-04-16,11.418888888888889,4c2427b7dea51ebb
2013-04-17,14.586666666666666,4c2427b7dea51ebb
2013-04-19,3.4122222222222223,4c2427b7dea51ebb
2013-04-20,22.52166666666667,4c2427b7dea51ebb
2013-04-21,15.93138888888889,4c2427b7dea51ebb
2013-04-22,7.438333333333333,4c2427b7dea51ebb
2013-04-23,18.54083333333333,4c2427b7dea51ebb
2013-04-24,4.48,4c2427b7dea51ebb
2013-04-25,22.017222222222223,4c2427b7dea51ebb
2013-04-26,13.299722222222222,4c2427b7dea51ebb
2013-04-28,8.736666666666666,4c2427b7dea51ebb
2013-04-29,6.076388888888889,4c2427b7dea51ebb
2013-04-30,9.839166666666667,4c2427b7dea51ebb
2013-05-01,20.889166666666668,4c2427b7dea51ebb
2013-05-02,7.902222222222223,4c2427b7dea51ebb
2013-05-03,3.302777777777778,4c2427b7dea51ebb
2013-05-04,6.895833333333334,4c2427b7dea51ebb
2013-05-05,4.579444444444444,4c2427b7dea51ebb
2013-05-06,5.763888888888889,4c2427b7dea51ebb
2013-05-07,5.718888888888889,4c2427b7dea51ebb
2013-05-08,5.687222222222222,4c2427b7dea51ebb
2013-05-09,6.709444444444444,4c2427b7dea51ebb
2013-05-10,1.0280555555555555,4c2427b7dea51ebb
2013-05-12,13.159166666666668,4c2427b7dea51ebb
2013-05-13,9.500277777777779,4c2427b7dea51ebb
2013-05-14,1.0752777777777778,4c2427b7dea51ebb
2013-05-15,10.957777777777778,4c2427b7dea51ebb
2013-05-16,21.9825,4c2427b7dea51ebb
2013-05-17,3.6077777777777778,4c2427b7dea51ebb
2013-05-18,5.709444444444444,4c2427b7dea51ebb
2013-05-19,8.743055555555555,4c2427b7dea51ebb
2013-05-20,1.5161111111111112,4c2427b7dea51ebb
2013-05-21,6.509166666666666,4c2427b7dea51ebb
2013-05-23,10.0525,4c2427b7dea51ebb
2013-05-24,4.035277777777778,4c2427b7dea51ebb
2013-05-25,20.71,4c2427b7dea51ebb
2013-05-26,9.928888888888888,4c2427b7dea51ebb
2013-05-27,26.383333333333333,4c2427b7dea51ebb
2013-05-28,5.070555555555556,4c2427b7dea51ebb
2013-05-29,10.555833333333332,4c2427b7dea51ebb
2013-05-30,5.166666666666667,4c2427b7dea51ebb
2013-03-26,8.582777777777778,d853ba7bf3a89249
2013-03-27,18.816944444444445,d853ba7bf3a89249
2013-03-28,15.643055555555556,d853ba7bf3a89249
2013-03-29,12.238333333333333,d853ba7bf3a89249
2013-03-30,15.068611111111112,d853ba7bf3a89249
2013-03-31,4.444166666666667,d853ba7bf3a89249
2013-04-01,14.468333333333334,d853ba7bf3a89249
2013-04-02,4.8758333333333335,d853ba7bf3a89249
2013-04-03,16.54,d853ba7bf3a89249
2013-04-04,16.829166666666666,d853ba7bf3a89249
2013-04-05,10.028055555555556,d853ba7bf3a89249
2013-04-06,6.285833333333333,d853ba7bf3a89249
2013-04-07,9.134444444444444,d853ba7bf3a89249
2013-04-08,11.237777777777778,d853ba7bf3a89249
2013-04-09,7.8966666666666665,d853ba7bf3a89249
2013-04-10,15.823055555555555,d853ba7bf3a89249
2013-04-11,3.903888888888889,d853ba7bf3a89249
2013-04-12,7.1658333333333335,d853ba7bf3a89249
2013-04-13,10.373888888888889,d853ba7bf3a89249
2013-04-14,26.9175,d853ba7bf3a89249
2013-04-15,9.872777777777777,d853ba7bf3a89249
2013-04-16,6.371666666666667,d853ba7bf3a89249
2013-04-17,16.726111111111113,d853ba7bf3a89249
2013-04-18,13.798055555555555,d853ba7bf3a89249
2013-04-19,20.8675,d853ba7bf3a89249
2013-04-20,13.297777777777778,d853ba7bf3a89249
2013-04-21,18.35388888888889,d853ba7bf3a89249
2013-04-22,9.317777777777778,d853ba7bf3a89249
2013-04-23,4.71,d853ba7bf3a89249
2013-04-24,22.008333333333333,d853ba7bf3a89249
2013-04-25,16.287222222222223,d853ba7bf3a89249
2013-04-26,8.262777777777778,d853ba7bf3a89249
2013-04-27,2.1422222222222222,d853ba7bf3a89249
2013-04-28,15.631944444444445,d853ba7bf3a89249
2013-04-29,25.488611111111112,d853ba7bf3a89249
2013-04-30,13.75138888888889,d853ba7bf3a89249
2013-05-01,5.942222222222222,d853ba7bf3a89249
2013-05-02,22.84111111111111,d853ba7bf3a89249
2013-05-03,6.325833333333334,d853ba7bf3a89249
2013-05-04,9.689166666666667,d853ba7bf3a89249
2013-05-05,2.2644444444444445,d853ba7bf3a89249
2013-05-06,18.793333333333333,d853ba7bf3a89249
2013-05-07,14.236944444444445,d853ba7bf3a89249
2013-05-08,11.1675,d853ba7bf3a89249
2013-05-09,9.440555555555555,d853ba7bf3a89249
2013-05-10,4.703333333333333,d853ba7bf3a89249
2013-05-11,4.2780555555555555,d853ba7bf3a89249
2013-05-12,21.36472222222222,d853ba7bf3a89249
2013-05-13,17.452777777777776,d853ba7bf3a89249
2013-05-14,5.035277777777778,d853ba7bf3a89249
2013-05-15,14.768888888888888,d853ba7bf3a89249
2013-05-16,7.938055555555556,d853ba7bf3a89249
2013-05-17,19.329166666666666,d853ba7bf3a89249
2013-05-18,2.288611111111111,d853ba7bf3a89249
2013-05-19,26.75138888888889,d853ba7bf3a89249
2013-05-20,14.713888888888889,d853ba7bf3a89249
2013-05-21,11.236944444444443,d853ba7bf3a89249
2013-05-22,6.4825,d853ba7bf3a89249
2013-05-23,28.335833333333333,d853ba7bf3a89249
2013-05-24,5.148055555555556,d853ba7bf3a89249
2013-05-25,8.195555555555556,d853ba7bf3a89249
2013-05-26,9.024722222222223,d853ba7bf3a89249
2013-05-27,13.79388888888889,d853ba7bf3a89249
2013-05-28,6.155555555555555,d853ba7bf3a89249
2013-05-29,4.741388888888888,d853ba7bf3a89249
2013-05-30,12.478055555555557,d853ba7bf3a89249
2013-05-31,4.0183333333333335,d853ba7bf3a89249
2013-03-28,1.8977777777777778,2d18a642ead60d83
2013-03-29,19.038333333333334,2d18a642ead60d83
2013-03-30,9.776666666666667,2d18a642ead60d83
2013-03-31,7.148888888888889,2d18a642ead60d83
2013-04-01,1.3272222222222223,2d18a642ead60d83
2013-04-02,4.932777777777778,2d18a642ead60d83
2013-04-03,19.47111111111111,2d18a642ead60d83
2013-04-04,18.19361111111111,2d18a642ead60d83
2013-04-05,7.9447222222222225,2d18a642ead60d83
2013-04-06,8.425555555555555,2d18a642ead60d83
2013-04-07,10.471111111111112,2d18a642ead60d83
2013-04-08,9.913611111111113,2d18a642ead60d83
2013-04-09,11.284166666666666,2d18a642ead60d83
2013-04-10,20.055,2d18a642ead60d83
2013-04-12,9.883888888888889,2d18a642ead60d83
2013-04-13,1.1722222222222223,2d18a642ead60d83
2013-04-14,10.844166666666666,2d18a642ead60d83
2013-04-15,6.742222222222222,2d18a642ead60d83
2013-04-18,1.3458333333333334,2d18a642ead60d83
2013-04-19,7.272777777777778,2d18a642ead60d83
2013-04-20,5.978611111111111,2d18a642ead60d83
2013-04-21,7.398333333333333,2d18a642ead60d83
2013-04-22,9.048055555555555,2d18a642ead60d83
2013-04-23,6.298611111111111,2d18a642ead60d83
2013-04-24,10.774722222222223,2d18a642ead60d83
2013-04-25,2.2911111111111113,2d18a642ead60d83
2013-04-26,8.838611111111112,2d18a642ead60d83
2013-04-27,11.856388888888889,2d18a642ead60d83
2013-04-28,25.559444444444445,2d18a642ead60d83
2013-04-29,2.9833333333333334,2d18a642ead60d83
2013-05-01,6.875277777777778,2d18a642ead60d83
2013-05-02,5.478888888888889,2d18a642ead60d83
2013-05-05,4.451944444444445,2d18a642ead60d83
2013-05-06,10.633333333333333,2d18a642ead60d83
2013-05-10,14.773055555555556,2d18a642ead60d83
2013-05-11,1.3716666666666666,2d18a642ead60d83
2013-05-12,5.023888888888889,2d18a642ead60d83
2013-05-13,8.203333333333333,2d18a642ead60d83
2013-05-14,8.696666666666667,2d18a642ead60d83
2013-05-15,8.360833333333334,2d18a642ead60d83
2013-05-16,11.69138888888889,2d18a642ead60d83
2013-05-17,10.6,2d18a642ead60d83
2013-05-18,23.837777777777777,2d18a642ead60d83
2013-05-19,1.0441666666666667,2d18a642ead60d83
2013-05-20,20.371944444444445,2d18a642ead60d83
2013-05-22,2.613611111111111,2d18a642ead60d83
2013-05-23,4.7252777777777775,2d18a642ead60d83
2013-05-24,12.000833333333333,2d18a642ead60d83
2013-05-26,12.279444444444444,2d18a642ead60d83
2013-05-27,3.8447222222222224,2d18a642ead60d83
2013-05-28,3.7811111111111115,2d18a642ead60d83
2013-05-29,3.341111111111111,2d18a642ead60d83
2013-03-27,18.435,70a978fcd4bde4c4
2013-03-28,21.281111111111112,70a978fcd4bde4c4
2013-03-29,16.29222222222222,70a978fcd4bde4c4
2013-03-30,19.551388888888887,70a978fcd4bde4c4
2013-03-31,14.516388888888889,70a978fcd4bde4c4
2013-04-01,9.991111111111111,70a978fcd4bde4c4
2013-04-02,16.045833333333334,70a978fcd4bde4c4
2013-04-03,10.165277777777778,70a978fcd4bde4c4
2013-04-04,14.087777777777777,70a978fcd4bde4c4
2013-04-05,15.568888888888889,70a978fcd4bde4c4
2013-04-06,17.764166666666664,70a978fcd4bde4c4
2013-04-07,14.171111111111111,70a978fcd4bde4c4
2013-04-08,6.385833333333333,70a978fcd4bde4c4
2013-04-09,13.404444444444444,70a978fcd4bde4c4
2013-04-10,19.439722222222223,70a978fcd4bde4c4
2013-04-11,9.901388888888889,70a978fcd4bde4c4
2013-04-12,6.7572222222222225,70a978fcd4bde4c4
2013-04-13,5.485833333333333,70a978fcd4bde4c4
2013-04-14,23.656666666666666,70a978fcd4bde4c4
2013-04-15,7.293333333333333,70a978fcd4bde4c4
2013-04-16,19.808888888888887,70a978fcd4bde4c4
2013-04-17,3.918055555555555,70a978fcd4bde4c4
2013-04-18,12.885833333333334,70a978fcd4bde4c4
2013-04-19,15.638333333333335,70a978fcd4bde4c4
2013-04-20,7.560277777777777,70a978fcd4bde4c4
2013-04-21,9.525833333333333,70a978fcd4bde4c4
2013-04-22,11.662777777777777,70a978fcd4bde4c4
2013-04-23,14.72,70a978fcd4bde4c4
2013-04-26,16.41861111111111,70a978fcd4bde4c4
2013-04-27,4.365833333333334,70a978fcd4bde4c4
2013-04-28,9.693333333333333,70a978fcd4bde4c4
2013-04-29,5.195277777777777,70a978fcd4bde4c4
2013-05-01,13.758333333333333,70a978fcd4bde4c4
2013-05-02,18.968055555555555,70a978fcd4bde4c4
2013-05-04,4.303055555555556,70a978fcd4bde4c4
2013-05-05,8.641944444444444,70a978fcd4bde4c4
2013-05-06,8.959722222222222,70a978fcd4bde4c4
2013-05-07,20.510555555555555,70a978fcd4bde4c4
2013-05-08,5.356666666666667,70a978fcd4bde4c4
2013-05-09,9.357777777777777,70a978fcd4bde4c4
2013-05-11,5.590277777777778,70a978fcd4bde4c4
2013-05-12,12.488055555555555,70a978fcd4bde4c4
2013-05-13,7.963611111111112,70a978fcd4bde4c4
2013-05-14,11.077222222222222,70a978fcd4bde4c4
2013-05-15,1.1247222222222222,70a978fcd4bde4c4
2013-05-16,3.016388888888889,70a978fcd4bde4c4
2013-05-20,9.285,70a978fcd4bde4c4
2013-05-22,5.567222222222222,70a978fcd4bde4c4
2013-05-27,1.5061111111111112,70a978fcd4bde4c4
2013-03-26,2.254166666666667,9ddbeaee1439194d
2013-03-27,18.52305555555556,9ddbeaee1439194d
2013-03-28,4.527777777777778,9ddbeaee1439194d
2013-03-29,16.952222222222222,9ddbeaee1439194d
2013-03-30,2.5052777777777777,9ddbeaee1439194d
2013-03-31,3.230833333333333,9ddbeaee1439194d
2013-04-03,11.460555555555555,9ddbeaee1439194d
2013-04-04,3.9477777777777776,9ddbeaee1439194d
2013-04-05,19.18138888888889,9ddbeaee1439194d
2013-04-07,11.713611111111112,9ddbeaee1439194d
2013-04-08,9.066666666666666,9ddbeaee1439194d
2013-04-09,11.710277777777778,9ddbeaee1439194d
2013-04-10,9.849166666666667,9ddbeaee1439194d
2013-04-14,2.6422222222222222,9ddbeaee1439194d
2013-04-15,6.605,9ddbeaee1439194d
2013-04-16,2.0905555555555555,9ddbeaee1439194d
2013-04-22,5.876388888888889,9ddbeaee1439194d
2013-04-28,1.4344444444444444,9ddbeaee1439194d
2013-04-29,16.490555555555556,9ddbeaee1439194d
2013-05-05,3.3919444444444444,9ddbeaee1439194d
2013-05-06,1.0427777777777778,9ddbeaee1439194d
2013-05-08,14.095555555555556,9ddbeaee1439194d
2013-05-13,12.068888888888889,9ddbeaee1439194d
2013-05-28,4.430833333333333,9ddbeaee1439194d
2013-03-27,5.528611111111111,ad6e3c7b08dec18b
2013-03-28,28.535833333333333,ad6e3c7b08dec18b
2013-03-29,6.505277777777778,ad6e3c7b08dec18b
2013-03-30,6.934722222222222,ad6e3c7b08dec18b
2013-03-31,4.221111111111111,ad6e3c7b08dec18b
2013-04-01,4.8197222222222225,ad6e3c7b08dec18b
2013-04-02,4.908333333333333,ad6e3c7b08dec18b
2013-04-03,8.374722222222223,ad6e3c7b08dec18b
2013-04-04,3.0725,ad6e3c7b08dec18b
2013-04-05,5.034166666666667,ad6e3c7b08dec18b
2013-04-06,4.704444444444444,ad6e3c7b08dec18b
2013-04-07,6.991388888888889,ad6e3c7b08dec18b
2013-04-08,12.425555555555555,ad6e3c7b08dec18b
2013-04-09,4.151111111111111,ad6e3c7b08dec18b
2013-04-10,3.8994444444444447,ad6e3c7b08dec18b
2013-04-11,11.265833333333333,ad6e3c7b08dec18b
2013-04-12,17.24138888888889,ad6e3c7b08dec18b
2013-04-13,5.39861111111111,ad6e3c7b08dec18b
2013-04-14,11.565000000000001,ad6e3c7b08dec18b
2013-04-15,16.49388888888889,ad6e3c7b08dec18b
2013-04-16,1.2947222222222223,ad6e3c7b08dec18b
2013-04-17,3.367222222222222,ad6e3c7b08dec18b
2013-04-18,9.40388888888889,ad6e3c7b08dec18b
2013-04-19,15.108888888888888,ad6e3c7b08dec18b
2013-04-20,11.529722222222222,ad6e3c7b08dec18b
2013-04-21,1.2625,ad6e3c7b08dec18b
2013-04-22,2.8125,ad6e3c7b08dec18b
2013-04-23,8.336666666666666,ad6e3c7b08dec18b
2013-04-24,2.8108333333333335,ad6e3c7b08dec18b
2013-04-25,12.81388888888889,ad6e3c7b08dec18b
2013-04-26,1.6730555555555555,ad6e3c7b08dec18b
2013-04-27,1.1380555555555556,ad6e3c7b08dec18b
2013-04-28,6.201944444444444,ad6e3c7b08dec18b
2013-04-29,15.409444444444443,ad6e3c7b08dec18b
2013-04-30,6.0125,ad6e3c7b08dec18b
2013-05-01,4.7011111111111115,ad6e3c7b08dec18b
2013-05-03,7.225833333333334,ad6e3c7b08dec18b
2013-05-04,1.3677777777777778,ad6e3c7b08dec18b
2013-05-05,4.704444444444444,ad6e3c7b08dec18b
2013-05-06,17.824444444444445,ad6e3c7b08dec18b
2013-05-07,4.323611111111111,ad6e3c7b08dec18b
2013-05-08,12.01611111111111,ad6e3c7b08dec18b
2013-05-09,3.0969444444444445,ad6e3c7b08dec18b
2013-05-10,4.517222222222222,ad6e3c7b08dec18b
2013-05-11,18.481944444444444,ad6e3c7b08dec18b
2013-05-12,1.8597222222222223,ad6e3c7b08dec18b
2013-05-13,9.734166666666667,ad6e3c7b08dec18b
2013-05-14,1.1227777777777779,ad6e3c7b08dec18b
2013-05-15,6.343333333333334,ad6e3c7b08dec18b
2013-05-16,5.781944444444444,ad6e3c7b08dec18b
2013-05-17,1.1794444444444445,ad6e3c7b08dec18b
2013-05-18,9.526944444444444,ad6e3c7b08dec18b
2013-05-19,7.699722222222222,ad6e3c7b08dec18b
2013-05-20,5.964722222222222,ad6e3c7b08dec18b
2013-05-21,20.718888888888888,ad6e3c7b08dec18b
2013-05-22,7.9025,ad6e3c7b08dec18b
2013-05-23,16.753055555555555,ad6e3c7b08dec18b
2013-05-24,7.615833333333334,ad6e3c7b08dec18b
2013-05-25,12.51611111111111,ad6e3c7b08dec18b
2013-05-26,3.3902777777777775,ad6e3c7b08dec18b
2013-05-27,5.441111111111111,ad6e3c7b08dec18b
2013-05-28,5.276666666666666,ad6e3c7b08dec18b
2013-03-26,2.4594444444444443,02b34100f41b4332
2013-03-27,16.39888888888889,02b34100f41b4332
2013-03-28,11.093055555555555,02b34100f41b4332
2013-03-29,16.16611111111111,02b34100f41b4332
2013-03-30,13.921666666666667,02b34100f41b4332
2013-03-31,8.480555555555556,02b34100f41b4332
2013-04-01,19.249444444444446,02b34100f41b4332
2013-04-02,22.801666666666666,02b34100f41b4332
2013-04-03,15.740277777777779,02b34100f41b4332
2013-04-04,10.025,02b34100f41b4332
2013-04-05,10.196944444444444,02b34100f41b4332
2013-04-06,9.165000000000001,02b34100f41b4332
2013-04-07,11.590833333333332,02b34100f41b4332
2013-04-08,7.121944444444445,02b34100f41b4332
2013-04-09,9.875277777777779,02b34100f41b4332
2013-04-10,23.208055555555557,02b34100f41b4332
2013-04-11,22.112777777777776,02b34100f41b4332
2013-04-12,10.961944444444445,02b34100f41b4332
2013-04-13,12.449722222222222,02b34100f41b4332
2013-04-14,16.22111111111111,02b34100f41b4332
2013-04-15,8.4375,02b34100f41b4332
2013-04-16,20.447222222222223,02b34100f41b4332
2013-04-17,21.44833333333333,02b34100f41b4332
2013-04-18,10.791666666666668,02b34100f41b4332
2013-04-19,13.550833333333333,02b34100f41b4332
2013-04-21,7.685277777777778,02b34100f41b4332
2013-04-22,8.619444444444444,02b34100f41b4332
2013-04-23,9.660555555555556,02b34100f41b4332
2013-04-24,20.03611111111111,02b34100f41b4332
2013-04-25,13.326944444444445,02b34100f41b4332
2013-04-26,15.8275,02b34100f41b4332
2013-04-27,19.779444444444444,02b34100f41b4332
2013-04-28,7.269166666666666,02b34100f41b4332
2013-04-29,16.485277777777778,02b34100f41b4332
2013-04-30,12.068333333333333,02b34100f41b4332
2013-05-01,13.135,02b34100f41b4332
2013-05-03,12.813611111111111,02b34100f41b4332
2013-05-04,15.447777777777778,02b34100f41b4332
2013-05-05,9.612222222222222,02b34100f41b4332
2013-05-06,20.346666666666668,02b34100f41b4332
2013-05-07,14.918055555555556,02b34100f41b4332
2013-05-08,7.461944444444445,02b34100f41b4332
2013-05-11,18.29138888888889,02b34100f41b4332
2013-05-12,13.068888888888889,02b34100f41b4332
2013-05-13,17.781111111111112,02b34100f41b4332
2013-05-14,14.215555555555554,02b34100f41b4332
2013-05-15,20.860277777777778,02b34100f41b4332
2013-05-17,14.420555555555556,02b34100f41b4332
2013-05-18,5.26,02b34100f41b4332
2013-05-20,18.77916666666667,02b34100f41b4332
2013-05-22,8.085,02b34100f41b4332
2013-05-23,5.940833333333334,02b34100f41b4332
2013-05-24,26.27,02b34100f41b4332
2013-05-25,9.15638888888889,02b34100f41b4332
2013-05-26,7.650277777777777,02b34100f41b4332
2013-05-28,16.183888888888887,02b34100f41b4332
2013-05-29,10.806944444444445,02b34100f41b4332
2013-03-26,9.777222222222223,c8f5504447e51c4f
2013-03-27,15.205833333333333,c8f5504447e51c4f
2013-03-28,4.621666666666666,c8f5504447e51c4f
2013-03-29,9.218611111111112,c8f5504447e51c4f
2013-03-30,11.446944444444444,c8f5504447e51c4f
2013-03-31,12.01361111111111,c8f5504447e51c4f
2013-04-01,4.273055555555556,c8f5504447e51c4f
2013-04-02,10.985555555555555,c8f5504447e51c4f
2013-04-03,18.60388888888889,c8f5504447e51c4f
2013-04-04,1.8580555555555556,c8f5504447e51c4f
2013-04-05,4.9625,c8f5504447e51c4f
2013-04-06,5.387777777777778,c8f5504447e51c4f
2013-04-07,11.956111111111111,c8f5504447e51c4f
2013-04-08,3.0544444444444445,c8f5504447e51c4f
2013-04-09,14.034166666666668,c8f5504447e51c4f
2013-04-10,5.568333333333333,c8f5504447e51c4f
2013-04-11,18.102222222222224,c8f5504447e51c4f
2013-04-12,10.206944444444446,c8f5504447e51c4f
2013-04-13,9.64611111111111,c8f5504447e51c4f
2013-04-14,14.501388888888888,c8f5504447e51c4f
2013-04-15,19.46611111111111,c8f5504447e51c4f
2013-04-16,18.354444444444447,c8f5504447e51c4f
2013-04-17,9.558055555555555,c8f5504447e51c4f
2013-04-18,6.116388888888888,c8f5504447e51c4f
2013-04-19,7.119444444444444,c8f5504447e51c4f
2013-04-20,8.716111111111111,c8f5504447e51c4f
2013-04-21,16.593055555555555,c8f5504447e51c4f
2013-04-23,4.869166666666667,c8f5504447e51c4f
2013-04-24,3.2419444444444445,c8f5504447e51c4f
2013-04-25,4.4575000000000005,c8f5504447e51c4f
2013-04-26,7.226666666666667,c8f5504447e51c4f
2013-04-28,21.779444444444444,c8f5504447e51c4f
2013-04-29,4.505277777777778,c8f5504447e51c4f
2013-05-02,3.216388888888889,c8f5504447e51c4f
2013-05-04,4.1563888888888885,c8f5504447e51c4f
2013-05-07,3.4141666666666666,c8f5504447e51c4f
2013-05-15,20.25138888888889,c8f5504447e51c4f
2013-05-16,13.911666666666667,c8f5504447e51c4f
2013-05-20,7.895833333333333,c8f5504447e51c4f
2013-05-23,5.198055555555555,c8f5504447e51c4f
2013-05-25,2.465,c8f5504447e51c4f
2013-05-26,7.837777777777778,c8f5504447e51c4f
2013-05-27,11.855555555555554,c8f5504447e51c4f
2013-05-29,2.714166666666667,c8f5504447e51c4f
2013-03-26,9.022777777777778,83e512f8e224d35c
2013-03-27,1.0358333333333334,83e512f8e224d35c
2013-03-28,8.829444444444444,83e512f8e224d35c
2013-03-29,7.770833333333333,83e512f8e224d35c
2013-04-01,21.9175,83e512f8e224d35c
2013-04-02,11.925833333333333,83e512f8e224d35c
2013-04-03,3.950833333333333,83e512f8e224d35c
2013-04-04,11.473055555555556,83e512f8e224d35c
2013-04-05,15.193055555555555,83e512f8e224d35c
2013-04-06,5.6722222222222225,83e512f8e224d35c
2013-04-07,13.78888888888889,83e512f8e224d35c
2013-04-08,14.689722222222223,83e512f8e224d35c
2013-04-09,10.608333333333334,83e512f8e224d35c
2013-04-10,16.025833333333335,83e512f8e224d35c
2013-04-11,11.675833333333333,83e512f8e224d35c
2013-04-12,9.445555555555556,83e512f8e224d35c
2013-04-13,6.541111111111111,83e512f8e224d35c
2013-04-14,14.825555555555557,83e512f8e224d35c
2013-04-15,11.532777777777778,83e512f8e224d35c
2013-04-16,11.650833333333335,83e512f8e224d35c
2013-04-17,13.078333333333333,83e512f8e224d35c
2013-04-18,9.165277777777778,83e512f8e224d35c
2013-04-19,13.711388888888889,83e512f8e224d35c
2013-04-20,8.811111111111112,83e512f8e224d35c
2013-04-21,1.6619444444444444,83e512f8e224d35c
2013-04-23,1.185,83e512f8e224d35c
2013-04-24,15.654444444444444,83e512f8e224d35c
2013-04-25,9.72888888888889,83e512f8e224d35c
2013-04-26,13.175833333333333,83e512f8e224d35c
2013-04-27,15.897222222222222,83e512f8e224d35c
2013-04-28,13.370277777777778,83e512f8e224d35c
2013-04-29,12.398888888888889,83e512f8e224d35c
2013-04-30,14.282777777777778,83e512f8e224d35c
2013-05-01,16.251944444444444,83e512f8e224d35c
2013-05-02,16.40277777777778,83e512f8e224d35c
2013-05-03,11.627222222222223,83e512f8e224d35c
2013-05-04,2.2230555555555553,83e512f8e224d35c
2013-05-05,9.627777777777776,83e512f8e224d35c
2013-05-07,7.790277777777778,83e512f8e224d35c
2013-05-08,25.268055555555556,83e512f8e224d35c
2013-05-09,10.040833333333333,83e512f8e224d35c
2013-05-10,15.586944444444445,83e512f8e224d35c
2013-05-11,6.398611111111111,83e512f8e224d35c
2013-05-12,17.785,83e512f8e224d35c
2013-05-13,6.335555555555556,83e512f8e224d35c
2013-05-14,10.077222222222222,83e512f8e224d35c
2013-05-15,12.363333333333333,83e512f8e224d35c
2013-05-16,8.94361111111111,83e512f8e224d35c
2013-05-17,10.613055555555555,83e512f8e224d35c
2013-05-18,17.697777777777777,83e512f8e224d35c
2013-05-19,9.308055555555555,83e512f8e224d35c
2013-05-20,12.935277777777777,83e512f8e224d35c
2013-05-21,11.395,83e512f8e224d35c
2013-05-22,12.684166666666666,83e512f8e224d35c
2013-05-23,12.277500000000002,83e512f8e224d35c
2013-05-24,14.294722222222223,83e512f8e224d35c
2013-05-25,11.404722222222222,83e512f8e224d35c
2013-05-26,8.79,83e512f8e224d35c
2013-05-27,6.717222222222222,83e512f8e224d35c
2013-05-28,11.30638888888889,83e512f8e224d35c
2013-05-29,1.7416666666666667,83e512f8e224d35c
2013-05-30,4.783333333333333,83e512f8e224d35c
2013-05-31,1.4280555555555556,83e512f8e224d35c
2013-03-27,7.945277777777777,94e6b5a99aff8556
2013-03-28,22.54,94e6b5a99aff8556
2013-03-31,1.0769444444444445,94e6b5a99aff8556
2013-04-01,16.5225,94e6b5a99aff8556
2013-04-02,18.0825,94e6b5a99aff8556
2013-04-03,9.332222222222223,94e6b5a99aff8556
2013-04-04,3.645,94e6b5a99aff8556
2013-04-07,10.560277777777777,94e6b5a99aff8556
2013-04-08,12.676111111111112,94e6b5a99aff8556
2013-04-09,6.213333333333333,94e6b5a99aff8556
2013-04-10,9.265,94e6b5a99aff8556
2013-04-11,12.18138888888889,94e6b5a99aff8556
2013-04-12,15.28138888888889,94e6b5a99aff8556
2013-04-13,2.0105555555555554,94e6b5a99aff8556
2013-04-21,15.19111111111111,94e6b5a99aff8556
2013-04-22,9.421944444444446,94e6b5a99aff8556
2013-04-23,13.455,94e6b5a99aff8556
2013-04-24,6.5575,94e6b5a99aff8556
2013-04-25,19.791666666666668,94e6b5a99aff8556
2013-04-27,17.00138888888889,94e6b5a99aff8556
2013-04-28,17.04416666666667,94e6b5a99aff8556
2013-04-29,4.573888888888889,94e6b5a99aff8556
2013-04-30,3.931388888888889,94e6b5a99aff8556
2013-05-04,9.211944444444445,94e6b5a99aff8556
2013-05-06,1.893888888888889,94e6b5a99aff8556
2013-05-10,3.5650000000000004,94e6b5a99aff8556
2013-05-13,11.3425,94e6b5a99aff8556
2013-05-14,17.919722222222223,94e6b5a99aff8556
2013-05-15,6.617222222222222,94e6b5a99aff8556
2013-05-17,5.7988888888888885,94e6b5a99aff8556
2013-05-19,4.447222222222223,94e6b5a99aff8556
2013-03-26,8.8425,7d68780d2921e43a
2013-03-27,10.743611111111111,7d68780d2921e43a
2013-03-28,26.913055555555555,7d68780d2921e43a
2013-03-29,9.005833333333333,7d68780d2921e43a
2013-03-30,14.341944444444444,7d68780d2921e43a
2013-03-31,8.661111111111111,7d68780d2921e43a
2013-04-01,18.724444444444444,7d68780d2921e43a
2013-04-02,9.3875,7d68780d2921e43a
2013-04-03,17.522777777777776,7d68780d2921e43a
2013-04-04,10.317222222222222,7d68780d2921e43a
2013-04-05,11.2225,7d68780d2921e43a
2013-04-06,7.694444444444445,7d68780d2921e43a
2013-04-07,6.43,7d68780d2921e43a
2013-04-08,18.231666666666666,7d68780d2921e43a
2013-04-09,11.273888888888889,7d68780d2921e43a
2013-04-10,20.689722222222223,7d68780d2921e43a
2013-04-11,17.770555555555557,7d68780d2921e43a
2013-04-12,11.800277777777778,7d68780d2921e43a
2013-04-13,3.3505555555555557,7d68780d2921e43a
2013-04-14,16.782222222222224,7d68780d2921e43a
2013-04-15,18.272222222222222,7d68780d2921e43a
2013-04-16,11.591944444444444,7d68780d2921e43a
2013-04-17,20.57111111111111,7d68780d2921e43a
2013-04-18,19.06222222222222,7d68780d2921e43a
2013-04-19,12.988333333333333,7d68780d2921e43a
2013-04-20,21.884166666666665,7d68780d2921e43a
2013-04-21,6.308055555555555,7d68780d2921e43a
2013-04-22,14.414722222222222,7d68780d2921e43a
2013-04-23,7.666388888888889,7d68780d2921e43a
2013-04-24,16.948333333333334,7d68780d2921e43a
2013-04-25,6.705555555555556,7d68780d2921e43a
2013-04-28,11.100000000000001,7d68780d2921e43a
2013-05-05,9.5525,7d68780d2921e43a
2013-05-06,7.734166666666667,7d68780d2921e43a
2013-05-07,10.919444444444444,7d68780d2921e43a
2013-05-08,22.023333333333333,7d68780d2921e43a
2013-05-09,20.018055555555556,7d68780d2921e43a
2013-05-10,19.58888888888889,7d68780d2921e43a
2013-05-11,8.350277777777778,7d68780d2921e43a
2013-05-12,5.1825,7d68780d2921e43a
2013-05-13,8.540555555555555,7d68780d2921e43a
2013-05-14,6.0344444444444445,7d68780d2921e43a
2013-05-15,9.164444444444445,7d68780d2921e43a
2013-05-16,3.2666666666666666,7d68780d2921e43a
2013-05-18,11.042222222222222,7d68780d2921e43a
2013-05-19,1.0994444444444444,7d68780d2921e43a
2013-05-20,6.321944444444444,7d68780d2921e43a
2013-05-21,8.156944444444445,7d68780d2921e43a
2013-05-22,10.498333333333333,7d68780d2921e43a
2013-05-23,3.4419444444444443,7d68780d2921e43a
2013-05-24,12.780833333333334,7d68780d2921e43a
2013-05-27,11.094444444444445,7d68780d2921e43a
2013-05-28,9.029722222222222,7d68780d2921e43a
2013-05-30,7.5377777777777775,7d68780d2921e43a
2013-05-31,1.1833333333333333,7d68780d2921e43a
2013-03-27,5.405277777777778,6ff3c3fb859bc4e6
2013-03-28,18.260555555555555,6ff3c3fb859bc4e6
2013-03-29,13.67388888888889,6ff3c3fb859bc4e6
2013-03-30,8.575555555555557,6ff3c3fb859bc4e6
2013-03-31,25.344722222222224,6ff3c3fb859bc4e6
2013-04-01,11.945,6ff3c3fb859bc4e6
2013-04-02,11.482777777777779,6ff3c3fb859bc4e6
2013-04-03,24.87527777777778,6ff3c3fb859bc4e6
2013-04-04,4.3741666666666665,6ff3c3fb859bc4e6
2013-04-05,18.996111111111112,6ff3c3fb859bc4e6
2013-04-06,14.715833333333332,6ff3c3fb859bc4e6
2013-04-07,2.8241666666666667,6ff3c3fb859bc4e6
2013-04-08,18.28472222222222,6ff3c3fb859bc4e6
2013-04-09,13.95138888888889,6ff3c3fb859bc4e6
2013-04-10,14.853333333333333,6ff3c3fb859bc4e6
2013-04-11,15.680555555555555,6ff3c3fb859bc4e6
2013-04-12,7.676111111111112,6ff3c3fb859bc4e6
2013-04-13,15.928055555555556,6ff3c3fb859bc4e6
2013-04-14,18.08888888888889,6ff3c3fb859bc4e6
2013-04-15,2.2408333333333332,6ff3c3fb859bc4e6
2013-04-16,20.1425,6ff3c3fb859bc4e6
2013-04-17,16.116666666666667,6ff3c3fb859bc4e6
2013-04-18,14.391388888888889,6ff3c3fb859bc4e6
2013-04-19,13.813333333333334,6ff3c3fb859bc4e6
2013-04-20,12.773888888888889,6ff3c3fb859bc4e6
2013-04-21,11.069444444444445,6ff3c3fb859bc4e6
2013-04-22,10.86638888888889,6ff3c3fb859bc4e6
2013-04-23,18.586666666666666,6ff3c3fb859bc4e6
2013-04-24,14.636111111111111,6ff3c3fb859bc4e6
2013-04-25,14.931111111111111,6ff3c3fb859bc4e6
2013-04-26,14.650555555555556,6ff3c3fb859bc4e6
2013-04-27,16.06861111111111,6ff3c3fb859bc4e6
2013-04-28,10.491666666666667,6ff3c3fb859bc4e6
2013-04-29,4.540555555555555,6ff3c3fb859bc4e6
2013-04-30,5.170833333333334,6ff3c3fb859bc4e6
2013-05-01,10.4,6ff3c3fb859bc4e6
2013-05-02,8.975833333333332,6ff3c3fb859bc4e6
2013-05-03,14.464444444444444,6ff3c3fb859bc4e6
2013-05-04,4.246666666666667,6ff3c3fb859bc4e6
2013-05-05,16.208333333333332,6ff3c3fb859bc4e6
2013-05-06,6.735555555555555,6ff3c3fb859bc4e6
2013-05-07,14.880833333333333,6ff3c3fb859bc4e6
2013-05-08,19.406388888888888,6ff3c3fb859bc4e6
2013-05-09,16.33638888888889,6ff3c3fb859bc4e6
2013-05-10,17.279722222222222,6ff3c3fb859bc4e6
2013-05-11,11.020833333333334,6ff3c3fb859bc4e6
2013-05-12,2.876388888888889,6ff3c3fb859bc4e6
2013-05-13,19.65,6ff3c3fb859bc4e6
2013-05-14,18.33888888888889,6ff3c3fb859bc4e6
2013-05-15,10.831944444444444,6ff3c3fb859bc4e6
2013-05-16,8.633055555555556,6ff3c3fb859bc4e6
2013-05-17,11.331666666666667,6ff3c3fb859bc4e6
2013-05-18,8.717777777777778,6ff3c3fb859bc4e6
2013-05-20,1.0025,6ff3c3fb859bc4e6
2013-05-21,10.643055555555556,6ff3c3fb859bc4e6
2013-05-22,20.960277777777776,6ff3c3fb859bc4e6
2013-05-23,4.078611111111111,6ff3c3fb859bc4e6
2013-03-27,1.1997222222222221,24a62f53b639939c
2013-03-28,6.256944444444445,24a62f53b639939c
2013-03-29,10.808333333333334,24a62f53b639939c
2013-03-30,7.923888888888889,24a62f53b639939c
2013-03-31,12.756666666666666,24a62f53b639939c
2013-04-01,16.654722222222222,24a62f53b639939c
2013-04-02,7.152222222222222,24a62f53b639939c
2013-04-03,10.070277777777777,24a62f53b639939c
2013-04-04,2.156111111111111,24a62f53b639939c
2013-04-05,9.543055555555554,24a62f53b639939c
2013-04-06,13.541666666666668,24a62f53b639939c
2013-04-07,6.150555555555556,24a62f53b639939c
2013-04-08,17.245555555555555,24a62f53b639939c
2013-04-09,3.6722222222222225,24a62f53b639939c
2013-04-11,16.8275,24a62f53b639939c
2013-04-12,10.371111111111112,24a62f53b639939c
2013-04-13,3.541666666666667,24a62f53b639939c
2013-04-14,1.0569444444444445,24a62f53b639939c
2013-04-15,2.9794444444444443,24a62f53b639939c
2013-04-16,8.139722222222222,24a62f53b639939c
2013-04-17,11.90861111111111,24a62f53b639939c
2013-04-18,5.616111111111111,24a62f53b639939c
2013-04-19,3.723888888888889,24a62f53b639939c
2013-04-20,6.398611111111111,24a62f53b639939c
2013-04-21,1.7719444444444445,24a62f53b639939c
2013-04-23,10.232777777777779,24a62f53b639939c
2013-04-24,11.314722222222223,24a62f53b639939c
2013-04-25,12.128333333333334,24a62f53b639939c
2013-03-27,5.0275,640c2e12f2e99593
2013-03-28,10.776944444444444,640c2e12f2e99593
2013-03-29,7.303888888888888,640c2e12f2e99593
2013-03-30,10.135,640c2e12f2e99593
2013-03-31,7.274444444444445,640c2e12f2e99593
2013-04-01,10.45861111111111,640c2e12f2e99593
2013-04-02,11.336944444444445,640c2e12f2e99593
2013-04-03,8.870277777777778,640c2e12f2e99593
2013-04-04,8.7625,640c2e12f2e99593
2013-04-05,10.370555555555555,640c2e12f2e99593
2013-04-07,6.727222222222222,640c2e12f2e99593
2013-04-08,16.22861111111111,640c2e12f2e99593
2013-04-09,4.1819444444444445,640c2e12f2e99593
2013-04-10,11.074166666666667,640c2e12f2e99593
2013-04-11,8.565000000000001,640c2e12f2e99593
2013-04-12,4.398333333333333,640c2e12f2e99593
2013-04-13,3.4744444444444444,640c2e12f2e99593
2013-04-14,3.2072222222222226,640c2e12f2e99593
2013-04-15,7.707777777777778,640c2e12f2e99593
2013-04-16,2.2969444444444442,640c2e12f2e99593
2013-04-17,6.292777777777777,640c2e12f2e99593
2013-04-18,6.497777777777777,640c2e12f2e99593
2013-04-19,7.111666666666666,640c2e12f2e99593
2013-04-20,4.010555555555555,640c2e12f2e99593
2013-04-21,8.264166666666666,640c2e12f2e99593
2013-04-22,16.63,640c2e12f2e99593
2013-04-23,10.955277777777777,640c2e12f2e99593
2013-04-24,2.004722222222222,640c2e12f2e99593
2013-04-26,9.384166666666667,640c2e12f2e99593
2013-04-29,5.4625,640c2e12f2e99593
2013-05-03,3.203888888888889,640c2e12f2e99593
2013-05-15,1.2616666666666667,640c2e12f2e99593
2013-05-24,5.227222222222222,640c2e12f2e99593
2013-05-28,8.956111111111111,640c2e12f2e99593
2013-05-29,1.3527777777777779,640c2e12f2e99593
2013-03-27,1.1725,04e98184146d8c31
2013-03-28,7.460277777777778,04e98184146d8c31
2013-03-29,17.425555555555555,04e98184146d8c31
2013-03-31,4.5136111111111115,04e98184146d8c31
2013-04-01,16.525277777777777,04e98184146d8c31
2013-04-02,2.096388888888889,04e98184146d8c31
2013-04-03,11.449166666666667,04e98184146d8c31
2013-04-04,4.936111111111111,04e98184146d8c31
2013-04-05,15.479166666666666,04e98184146d8c31
2013-04-06,9.256388888888889,04e98184146d8c31
2013-04-07,16.225833333333334,04e98184146d8c31
2013-04-08,2.3691666666666666,04e98184146d8c31
2013-04-09,2.069722222222222,04e98184146d8c31
2013-04-10,13.455833333333334,04e98184146d8c31
2013-04-11,7.054166666666666,04e98184146d8c31
2013-04-12,14.954444444444443,04e98184146d8c31
2013-04-13,8.67361111111111,04e98184146d8c31
2013-04-14,2.3094444444444444,04e98184146d8c31
2013-04-15,11.160277777777777,04e98184146d8c31
2013-04-16,1.5194444444444444,04e98184146d8c31
2013-04-17,13.569722222222222,04e98184146d8c31
2013-04-18,12.906666666666666,04e98184146d8c31
2013-04-19,10.9825,04e98184146d8c31
2013-04-20,4.408333333333333,04e98184146d8c31
2013-04-21,2.4955555555555557,04e98184146d8c31
2013-04-22,7.582222222222223,04e98184146d8c31
2013-04-24,2.246111111111111,04e98184146d8c31
2013-04-25,7.605555555555556,04e98184146d8c31
2013-04-26,15.265555555555554,04e98184146d8c31
2013-04-27,4.056666666666667,04e98184146d8c31
2013-04-28,5.748055555555556,04e98184146d8c31
2013-04-29,8.828611111111112,04e98184146d8c31
2013-04-30,2.901944444444444,04e98184146d8c31
2013-05-01,14.975833333333334,04e98184146d8c31
2013-05-02,14.334722222222222,04e98184146d8c31
2013-05-03,8.548055555555555,04e98184146d8c31
2013-05-04,8.508055555555556,04e98184146d8c31
2013-05-05,5.3375,04e98184146d8c31
2013-05-06,10.965277777777777,04e98184146d8c31
2013-05-07,13.182222222222222,04e98184146d8c31
2013-05-08,19.53,04e98184146d8c31
2013-05-09,4.775277777777777,04e98184146d8c31
2013-05-10,8.397777777777778,04e98184146d8c31
2013-05-11,6.886944444444444,04e98184146d8c31
2013-05-12,8.202777777777778,04e98184146d8c31
2013-05-13,10.845555555555556,04e98184146d8c31
2013-05-14,4.102222222222222,04e98184146d8c31
2013-05-15,15.502777777777776,04e98184146d8c31
2013-05-16,10.283055555555556,04e98184146d8c31
2013-05-17,16.74388888888889,04e98184146d8c31
2013-05-18,5.215,04e98184146d8c31
2013-05-19,4.348611111111111,04e98184146d8c31
2013-05-20,18.111944444444447,04e98184146d8c31
2013-05-21,6.8630555555555555,04e98184146d8c31
2013-05-22,16.378333333333334,04e98184146d8c31
2013-05-23,8.68361111111111,04e98184146d8c31
2013-05-24,7.690277777777778,04e98184146d8c31
2013-05-25,4.092777777777778,04e98184146d8c31
2013-05-26,4.244166666666667,04e98184146d8c31
2013-05-27,2.415277777777778,04e98184146d8c31
2013-05-29,12.306944444444444,04e98184146d8c31
2013-05-30,3.733611111111111,04e98184146d8c31
2013-05-31,1.86,04e98184146d8c31
2013-03-28,12.148888888888887,7ed0af9eea8919f3
2013-03-29,3.6905555555555556,7ed0af9eea8919f3
2013-03-30,13.123888888888889,7ed0af9eea8919f3
2013-03-31,17.746111111111112,7ed0af9eea8919f3
2013-04-01,15.158611111111112,7ed0af9eea8919f3
2013-04-02,17.72138888888889,7ed0af9eea8919f3
2013-04-03,13.589444444444444,7ed0af9eea8919f3
2013-04-04,27.18027777777778,7ed0af9eea8919f3
2013-04-05,7.211666666666666,7ed0af9eea8919f3
2013-04-06,13.695833333333333,7ed0af9eea8919f3
2013-04-07,21.604166666666668,7ed0af9eea8919f3
2013-04-08,13.986666666666666,7ed0af9eea8919f3
2013-04-09,3.6905555555555556,7ed0af9eea8919f3
2013-04-10,11.00611111111111,7ed0af9eea8919f3
2013-04-11,9.9675,7ed0af9eea8919f3
2013-04-12,18.5225,7ed0af9eea8919f3
2013-04-13,20.4925,7ed0af9eea8919f3
2013-04-14,16.365555555555556,7ed0af9eea8919f3
2013-04-15,19.848333333333336,7ed0af9eea8919f3
2013-04-16,7.718333333333333,7ed0af9eea8919f3
2013-04-17,10.911944444444446,7ed0af9eea8919f3
2013-04-18,8.278333333333332,7ed0af9eea8919f3
2013-04-19,8.30888888888889,7ed0af9eea8919f3
2013-04-20,1.1555555555555554,7ed0af9eea8919f3
2013-04-21,15.883888888888889,7ed0af9eea8919f3
2013-04-22,1.188611111111111,7ed0af9eea8919f3
2013-04-23,6.545833333333334,7ed0af9eea8919f3
2013-04-24,17.140555555555554,7ed0af9eea8919f3
2013-04-25,3.3602777777777777,7ed0af9eea8919f3
2013-04-26,6.4688888888888885,7ed0af9eea8919f3
2013-04-27,1.1141666666666667,7ed0af9eea8919f3
2013-04-28,6.199166666666667,7ed0af9eea8919f3
2013-04-29,10.32638888888889,7ed0af9eea8919f3
2013-04-30,15.433055555555555,7ed0af9eea8919f3
2013-05-01,9.296944444444444,7ed0af9eea8919f3
2013-05-02,8.525555555555556,7ed0af9eea8919f3
2013-05-03,10.023333333333333,7ed0af9eea8919f3
2013-05-04,7.356111111111111,7ed0af9eea8919f3
2013-05-05,2.5697222222222225,7ed0af9eea8919f3
2013-05-06,11.6125,7ed0af9eea8919f3
2013-05-07,15.675833333333333,7ed0af9eea8919f3
2013-05-08,12.19111111111111,7ed0af9eea8919f3
2013-05-10,13.075,7ed0af9eea8919f3
2013-05-11,21.034166666666668,7ed0af9eea8919f3
2013-05-12,25.62,7ed0af9eea8919f3
2013-05-13,10.564722222222223,7ed0af9eea8919f3
2013-05-14,30.048333333333332,7ed0af9eea8919f3
2013-05-20,1.188611111111111,7ed0af9eea8919f3
2013-05-21,9.088888888888889,7ed0af9eea8919f3
2013-05-22,10.955,7ed0af9eea8919f3
2013-05-24,4.552222222222222,7ed0af9eea8919f3
2013-05-26,14.98472222222222,7ed0af9eea8919f3
2013-05-28,18.325277777777778,7ed0af9eea8919f3
2013-05-30,6.740833333333334,7ed0af9eea8919f3
2013-05-31,17.268611111111113,7ed0af9eea8919f3
2013-03-27,6.814166666666667,047dd3752ee95148
2013-03-28,3.575277777777778,047dd3752ee95148
2013-03-29,2.3408333333333333,047dd3752ee95148
2013-03-30,4.335833333333333,047dd3752ee95148
2013-03-31,14.373888888888889,047dd3752ee95148
2013-04-01,1.4525,047dd3752ee95148
2013-04-02,3.883611111111111,047dd3752ee95148
2013-04-03,1.1602777777777777,047dd3752ee95148
2013-04-04,8.872222222222222,047dd3752ee95148
2013-04-05,18.2275,047dd3752ee95148
2013-04-06,8.321111111111112,047dd3752ee95148
2013-04-07,2.7952777777777778,047dd3752ee95148
2013-04-08,8.7875,047dd3752ee95148
2013-04-09,9.154166666666667,047dd3752ee95148
2013-04-10,2.589722222222222,047dd3752ee95148
2013-04-11,7.6130555555555555,047dd3752ee95148
2013-04-12,6.728055555555556,047dd3752ee95148
2013-04-13,11.224166666666665,047dd3752ee95148
2013-04-14,5.856388888888889,047dd3752ee95148
2013-04-15,6.7075,047dd3752ee95148
2013-04-16,8.435277777777777,047dd3752ee95148
2013-04-17,9.502222222222223,047dd3752ee95148
2013-04-18,6.708611111111111,047dd3752ee95148
2013-04-19,11.241666666666667,047dd3752ee95148
2013-04-20,8.748333333333333,047dd3752ee95148
2013-04-21,6.793055555555556,047dd3752ee95148
2013-04-22,8.185833333333333,047dd3752ee95148
2013-04-23,8.76388888888889,047dd3752ee95148
2013-04-24,12.352777777777778,047dd3752ee95148
2013-04-25,4.411111111111111,047dd3752ee95148
2013-04-26,14.2025,047dd3752ee95148
2013-04-27,24.594722222222224,047dd3752ee95148
2013-04-28,7.165277777777778,047dd3752ee95148
2013-04-30,5.421944444444445,047dd3752ee95148
2013-05-01,16.77777777777778,047dd3752ee95148
2013-05-02,7.201388888888889,047dd3752ee95148
2013-05-03,17.177222222222223,047dd3752ee95148
2013-05-04,21.264444444444443,047dd3752ee95148
2013-05-05,10.345833333333333,047dd3752ee95148
2013-05-06,4.184444444444445,047dd3752ee95148
2013-05-07,5.773055555555555,047dd3752ee95148
2013-05-08,14.638055555555557,047dd3752ee95148
2013-05-09,11.304166666666667,047dd3752ee95148
2013-05-10,15.203611111111112,047dd3752ee95148
2013-05-11,7.361944444444445,047dd3752ee95148
2013-05-12,7.099166666666667,047dd3752ee95148
2013-05-14,9.726666666666667,047dd3752ee95148
2013-05-15,19.289444444444445,047dd3752ee95148
2013-05-16,10.644444444444444,047dd3752ee95148
2013-05-17,6.9319444444444445,047dd3752ee95148
2013-05-18,4.370277777777778,047dd3752ee95148
2013-05-19,11.606944444444444,047dd3752ee95148
2013-05-20,10.3925,047dd3752ee95148
2013-05-21,17.387777777777778,047dd3752ee95148
2013-05-22,14.241666666666667,047dd3752ee95148
2013-05-23,10.140277777777778,047dd3752ee95148
2013-05-24,1.6680555555555556,047dd3752ee95148
2013-05-25,3.8869444444444445,047dd3752ee95148
2013-05-26,2.3125,047dd3752ee95148
2013-05-27,5.214722222222222,047dd3752ee95148
2013-05-28,7.551388888888889,047dd3752ee95148
2013-05-29,1.7847222222222223,047dd3752ee95148
2013-05-30,1.9036111111111111,047dd3752ee95148
2013-05-31,4.503055555555555,047dd3752ee95148
2013-03-27,9.28638888888889,b8f706e7df594c66
2013-03-28,15.312777777777777,b8f706e7df594c66
2013-03-29,22.20638888888889,b8f706e7df594c66
2013-03-30,4.355555555555556,b8f706e7df594c66
2013-03-31,12.881666666666666,b8f706e7df594c66
2013-04-01,6.843611111111111,b8f706e7df594c66
2013-04-02,6.88,b8f706e7df594c66
2013-04-03,16.774722222222223,b8f706e7df594c66
2013-04-04,16.65416666666667,b8f706e7df594c66
2013-04-05,13.580555555555556,b8f706e7df594c66
2013-04-06,14.902222222222223,b8f706e7df594c66
2013-04-07,1.0125,b8f706e7df594c66
2013-04-08,20.182222222222222,b8f706e7df594c66
2013-04-09,9.178611111111111,b8f706e7df594c66
2013-04-10,4.753055555555555,b8f706e7df594c66
2013-04-11,10.0325,b8f706e7df594c66
2013-04-12,14.433055555555555,b8f706e7df594c66
2013-04-13,1.5530555555555556,b8f706e7df594c66
2013-04-17,7.691388888888889,b8f706e7df594c66
2013-04-18,7.802777777777778,b8f706e7df594c66
2013-04-19,10.540833333333333,b8f706e7df594c66
2013-04-20,7.865277777777778,b8f706e7df594c66
2013-04-21,12.83888888888889,b8f706e7df594c66
2013-04-22,12.981666666666667,b8f706e7df594c66
2013-04-24,9.506388888888889,b8f706e7df594c66
2013-04-25,15.876666666666667,b8f706e7df594c66
2013-04-26,8.7175,b8f706e7df594c66
2013-04-27,9.69111111111111,b8f706e7df594c66
2013-04-28,5.713055555555555,b8f706e7df594c66
2013-04-29,13.715277777777779,b8f706e7df594c66
2013-04-30,13.301666666666668,b8f706e7df594c66
2013-05-01,13.225277777777778,b8f706e7df594c66
2013-05-02,27.16027777777778,b8f706e7df594c66
2013-05-03,1.3277777777777777,b8f706e7df594c66
2013-05-06,15.496944444444443,b8f706e7df594c66
2013-05-07,17.31,b8f706e7df594c66
2013-05-08,19.80222222222222,b8f706e7df594c66
2013-05-09,21.0825,b8f706e7df594c66
2013-05-10,10.865833333333333,b8f706e7df594c66
2013-05-13,7.045555555555556,b8f706e7df594c66
2013-05-14,3.1058333333333334,b8f706e7df594c66
2013-05-16,3.806111111111111,b8f706e7df594c66
2013-05-17,1.5755555555555556,b8f706e7df594c66
2013-05-18,1.8202777777777779,b8f706e7df594c66
2013-05-19,16.282777777777778,b8f706e7df594c66
2013-05-20,8.8625,b8f706e7df594c66
2013-05-21,14.911944444444446,b8f706e7df594c66
2013-05-22,15.075833333333334,b8f706e7df594c66
2013-05-23,14.401111111111112,b8f706e7df594c66
2013-05-24,4.611111111111111,b8f706e7df594c66
2013-05-25,3.0522222222222224,b8f706e7df594c66
2013-05-26,21.468333333333334,b8f706e7df594c66
2013-05-27,1.9358333333333333,b8f706e7df594c66
2013-05-28,13.590833333333332,b8f706e7df594c66
2013-05-29,12.184722222222222,b8f706e7df594c66
2013-05-30,1.3716666666666666,b8f706e7df594c66
2013-05-31,6.125555555555556,b8f706e7df594c66
2013-03-27,5.157777777777778,c053adfef70960b7
2013-03-28,5.615277777777778,c053adfef70960b7
2013-03-29,14.575,c053adfef70960b7
2013-03-30,17.5675,c053adfef70960b7
2013-03-31,21.66,c053adfef70960b7
2013-04-01,8.298055555555555,c053adfef70960b7
2013-04-02,10.931944444444444,c053adfef70960b7
2013-04-03,7.1225,c053adfef70960b7
2013-04-04,23.68166666666667,c053adfef70960b7
2013-04-05,7.148888888888888,c053adfef70960b7
2013-04-06,7.192222222222222,c053adfef70960b7
2013-04-07,17.64388888888889,c053adfef70960b7
2013-04-08,15.062222222222221,c053adfef70960b7
2013-04-09,3.218611111111111,c053adfef70960b7
2013-04-10,13.529444444444444,c053adfef70960b7
2013-04-11,4.141666666666667,c053adfef70960b7
2013-04-12,12.120000000000001,c053adfef70960b7
2013-04-13,12.025555555555556,c053adfef70960b7
2013-04-14,14.996666666666666,c053adfef70960b7
2013-04-15,11.89611111111111,c053adfef70960b7
2013-04-16,5.261388888888889,c053adfef70960b7
2013-04-17,11.776111111111112,c053adfef70960b7
2013-04-18,6.9325,c053adfef70960b7
2013-04-19,18.45861111111111,c053adfef70960b7
2013-04-21,3.8841666666666663,c053adfef70960b7
2013-04-22,17.895,c053adfef70960b7
2013-04-23,7.401388888888889,c053adfef70960b7
2013-04-24,10.859722222222222,c053adfef70960b7
2013-04-25,14.843333333333334,c053adfef70960b7
2013-04-26,9.795555555555556,c053adfef70960b7
2013-04-27,5.065833333333333,c053adfef70960b7
2013-04-28,21.56833333333333,c053adfef70960b7
2013-04-29,18.1875,c053adfef70960b7
2013-04-30,13.453055555555556,c053adfef70960b7
2013-05-01,21.980555555555554,c053adfef70960b7
2013-05-02,13.527222222222221,c053adfef70960b7
2013-05-03,5.473055555555556,c053adfef70960b7
2013-05-04,13.016944444444444,c053adfef70960b7
2013-05-05,16.448888888888888,c053adfef70960b7
2013-05-06,23.3975,c053adfef70960b7
2013-05-07,10.566944444444445,c053adfef70960b7
2013-05-08,16.35333333333333,c053adfef70960b7
2013-05-09,11.738611111111112,c053adfef70960b7
2013-05-10,12.764166666666666,c053adfef70960b7
2013-05-11,10.904166666666667,c053adfef70960b7
2013-05-12,23.831666666666667,c053adfef70960b7
2013-05-13,14.84472222222222,c053adfef70960b7
2013-05-14,8.629444444444445,c053adfef70960b7
2013-05-15,10.95,c053adfef70960b7
2013-05-16,8.645,c053adfef70960b7
2013-05-17,8.751666666666667,c053adfef70960b7
2013-05-22,1.476388888888889,c053adfef70960b7
2013-03-27,2.4075,afc0179f4807c4d1
2013-03-28,10.038611111111111,afc0179f4807c4d1
2013-03-31,6.211666666666666,afc0179f4807c4d1
2013-04-01,12.042222222222222,afc0179f4807c4d1
2013-04-02,11.088055555555556,afc0179f4807c4d1
2013-04-03,7.908888888888889,afc0179f4807c4d1
2013-04-04,6.426111111111112,afc0179f4807c4d1
2013-04-05,2.5944444444444446,afc0179f4807c4d1
2013-04-06,11.300833333333333,afc0179f4807c4d1
2013-04-08,3.4516666666666667,afc0179f4807c4d1
2013-04-09,9.035,afc0179f4807c4d1
2013-04-11,3.0366666666666666,afc0179f4807c4d1
2013-04-12,1.7725,afc0179f4807c4d1
2013-04-13,9.558055555555555,afc0179f4807c4d1
2013-04-15,9.714444444444444,afc0179f4807c4d1
2013-04-19,4.4075,afc0179f4807c4d1
2013-04-21,1.1633333333333333,afc0179f4807c4d1
2013-04-27,1.086111111111111,afc0179f4807c4d1
2013-04-28,6.6322222222222225,afc0179f4807c4d1
2013-04-29,9.324166666666667,afc0179f4807c4d1
2013-05-07,4.719166666666666,afc0179f4807c4d1
2013-05-10,1.2908333333333333,afc0179f4807c4d1
2013-05-12,1.2341666666666666,afc0179f4807c4d1
2013-05-13,17.31833333333333,afc0179f4807c4d1
2013-05-14,2.196111111111111,afc0179f4807c4d1
2013-05-27,1.5802777777777777,afc0179f4807c4d1
2013-05-28,1.2627777777777778,afc0179f4807c4d1
2013-03-28,11.799722222222222,84b0b4eb371de2e2
2013-03-29,14.911111111111111,84b0b4eb371de2e2
2013-03-30,2.9030555555555555,84b0b4eb371de2e2
2013-03-31,9.35638888888889,84b0b4eb371de2e2
2013-04-01,1.9725,84b0b4eb371de2e2
2013-04-02,11.431666666666667,84b0b4eb371de2e2
2013-04-04,2.2975,84b0b4eb371de2e2
2013-04-05,3.2888888888888888,84b0b4eb371de2e2
2013-04-08,7.319166666666666,84b0b4eb371de2e2
2013-04-09,9.001388888888888,84b0b4eb371de2e2
2013-04-11,7.718055555555555,84b0b4eb371de2e2
2013-04-14,8.669166666666667,84b0b4eb371de2e2
2013-04-17,4.059444444444445,84b0b4eb371de2e2
2013-04-19,2.9386111111111113,84b0b4eb371de2e2
2013-04-21,6.856944444444444,84b0b4eb371de2e2
2013-04-24,4.061388888888889,84b0b4eb371de2e2
2013-04-27,1.2247222222222223,84b0b4eb371de2e2
2013-04-28,1.3455555555555556,84b0b4eb371de2e2
2013-04-30,2.7525,84b0b4eb371de2e2
2013-05-04,6.191111111111111,84b0b4eb371de2e2
2013-05-06,2.801388888888889,84b0b4eb371de2e2
2013-05-07,2.6141666666666667,84b0b4eb371de2e2
2013-05-09,1.246388888888889,84b0b4eb371de2e2
2013-05-10,9.759722222222223,84b0b4eb371de2e2
2013-05-11,1.2075,84b0b4eb371de2e2
2013-05-12,1.2261111111111112,84b0b4eb371de2e2
2013-05-16,9.6525,84b0b4eb371de2e2
2013-05-19,4.528611111111111,84b0b4eb371de2e2
2013-05-28,9.270833333333332,84b0b4eb371de2e2
2013-05-31,1.8408333333333333,84b0b4eb371de2e2
2013-03-28,3.799722222222222,6331281a76223853
2013-03-29,11.664722222222222,6331281a76223853
2013-03-30,14.803611111111111,6331281a76223853
2013-03-31,9.336666666666666,6331281a76223853
2013-04-01,9.892777777777779,6331281a76223853
2013-04-02,10.920833333333333,6331281a76223853
2013-04-03,8.759722222222223,6331281a76223853
2013-04-04,11.825555555555555,6331281a76223853
2013-04-05,11.8025,6331281a76223853
2013-04-06,16.82027777777778,6331281a76223853
2013-04-07,16.480555555555558,6331281a76223853
2013-04-08,10.365277777777777,6331281a76223853
2013-04-09,12.139444444444443,6331281a76223853
2013-04-10,12.796111111111111,6331281a76223853
2013-04-11,11.693333333333333,6331281a76223853
2013-04-12,9.949444444444444,6331281a76223853
2013-04-13,4.713611111111112,6331281a76223853
2013-04-14,13.475,6331281a76223853
2013-04-15,18.7775,6331281a76223853
2013-04-16,13.330555555555556,6331281a76223853
2013-04-17,15.629444444444445,6331281a76223853
2013-04-18,11.598333333333333,6331281a76223853
2013-04-19,7.155555555555556,6331281a76223853
2013-04-20,14.983333333333333,6331281a76223853
2013-04-21,13.423333333333332,6331281a76223853
2013-04-22,6.978333333333333,6331281a76223853
2013-04-23,5.575,6331281a76223853
2013-04-24,14.965833333333332,6331281a76223853
2013-04-25,11.488333333333332,6331281a76223853
2013-04-26,9.082777777777778,6331281a76223853
2013-04-27,15.867777777777778,6331281a76223853
2013-04-28,15.157499999999999,6331281a76223853
2013-04-29,15.035277777777777,6331281a76223853
2013-04-30,8.260555555555555,6331281a76223853
2013-05-01,11.525555555555554,6331281a76223853
2013-05-02,15.098333333333333,6331281a76223853
2013-05-03,11.174722222222222,6331281a76223853
2013-05-04,1.0597222222222222,6331281a76223853
2013-05-05,14.23611111111111,6331281a76223853
2013-05-06,5.9875,6331281a76223853
2013-05-07,13.364444444444445,6331281a76223853
2013-05-08,3.5463888888888886,6331281a76223853
2013-05-09,14.489722222222223,6331281a76223853
2013-05-10,16.59166666666667,6331281a76223853
2013-05-11,15.556388888888888,6331281a76223853
2013-05-12,13.337222222222222,6331281a76223853
2013-05-13,10.654722222222222,6331281a76223853
2013-05-14,1.3419444444444444,6331281a76223853
2013-05-15,11.515,6331281a76223853
2013-05-16,10.596944444444444,6331281a76223853
2013-05-17,12.776388888888889,6331281a76223853
2013-05-18,17.75611111111111,6331281a76223853
2013-05-19,9.750277777777779,6331281a76223853
2013-05-20,25.943055555555556,6331281a76223853
2013-05-21,5.843611111111111,6331281a76223853
2013-05-22,7.113888888888889,6331281a76223853
2013-05-23,16.4675,6331281a76223853
2013-05-24,15.4225,6331281a76223853
2013-05-25,17.36388888888889,6331281a76223853
2013-05-26,10.535555555555556,6331281a76223853
2013-05-27,4.531944444444444,6331281a76223853
2013-05-28,4.393611111111111,6331281a76223853
2013-05-29,12.928611111111111,6331281a76223853
2013-05-30,13.469444444444445,6331281a76223853
2013-05-31,1.3483333333333334,6331281a76223853
2013-03-28,4.281666666666666,3b3d3be78f618b7b
2013-04-02,3.1302777777777777,3b3d3be78f618b7b
2013-04-03,10.516111111111112,3b3d3be78f618b7b
2013-04-12,1.4055555555555554,3b3d3be78f618b7b
2013-04-14,2.7094444444444443,3b3d3be78f618b7b
2013-04-15,9.36138888888889,3b3d3be78f618b7b
2013-04-24,7.352777777777778,3b3d3be78f618b7b
2013-03-28,3.8022222222222224,da1b3717d0ae0754
2013-03-29,13.539166666666667,da1b3717d0ae0754
2013-03-30,2.2794444444444446,da1b3717d0ae0754
2013-03-31,2.4969444444444444,da1b3717d0ae0754
2013-04-01,9.809444444444445,da1b3717d0ae0754
2013-04-03,4.9430555555555555,da1b3717d0ae0754
2013-04-04,6.712777777777778,da1b3717d0ae0754
2013-04-05,2.404166666666667,da1b3717d0ae0754
2013-04-06,3.6919444444444443,da1b3717d0ae0754
2013-04-09,15.5925,da1b3717d0ae0754
2013-04-10,11.766388888888889,da1b3717d0ae0754
2013-04-11,11.898055555555555,da1b3717d0ae0754
2013-04-12,9.03888888888889,da1b3717d0ae0754
2013-04-13,6.387222222222222,da1b3717d0ae0754
2013-04-14,3.0569444444444445,da1b3717d0ae0754
2013-04-15,8.948611111111111,da1b3717d0ae0754
2013-04-19,8.2875,da1b3717d0ae0754
2013-04-20,2.9558333333333335,da1b3717d0ae0754
2013-04-21,3.966111111111111,da1b3717d0ae0754
2013-04-22,4.219166666666666,da1b3717d0ae0754
2013-04-25,1.1888888888888889,da1b3717d0ae0754
2013-04-26,11.096944444444444,da1b3717d0ae0754
2013-04-28,1.2394444444444443,da1b3717d0ae0754
2013-04-29,6.916944444444445,da1b3717d0ae0754
2013-04-30,7.861944444444444,da1b3717d0ae0754
2013-05-01,2.4683333333333333,da1b3717d0ae0754
2013-05-08,6.235,da1b3717d0ae0754
2013-05-10,2.3180555555555555,da1b3717d0ae0754
2013-05-12,2.6572222222222224,da1b3717d0ae0754
2013-05-13,21.159166666666668,da1b3717d0ae0754
2013-05-14,3.3155555555555556,da1b3717d0ae0754
2013-05-20,3.743888888888889,da1b3717d0ae0754
2013-05-21,6.133611111111112,da1b3717d0ae0754
2013-05-27,11.864166666666668,da1b3717d0ae0754
2013-05-28,5.635277777777778,da1b3717d0ae0754
2013-05-29,3.9069444444444446,da1b3717d0ae0754
2013-04-01,12.9175,6c7d0efd1d78c719
2013-04-02,9.606666666666667,6c7d0efd1d78c719
2013-04-03,13.55888888888889,6c7d0efd1d78c719
2013-04-04,5.063611111111111,6c7d0efd1d78c719
2013-04-05,7.212777777777777,6c7d0efd1d78c719
2013-04-06,1.3233333333333333,6c7d0efd1d78c719
2013-04-07,3.186111111111111,6c7d0efd1d78c719
2013-04-08,7.370277777777778,6c7d0efd1d78c719
2013-04-09,9.696944444444444,6c7d0efd1d78c719
2013-04-10,14.05,6c7d0efd1d78c719
2013-04-11,6.543333333333333,6c7d0efd1d78c719
2013-04-12,11.925833333333333,6c7d0efd1d78c719
2013-04-13,10.946111111111112,6c7d0efd1d78c719
2013-04-14,1.5122222222222221,6c7d0efd1d78c719
2013-04-15,22.630000000000003,6c7d0efd1d78c719
2013-04-17,2.3194444444444446,6c7d0efd1d78c719
2013-04-18,19.584722222222222,6c7d0efd1d78c719
2013-04-19,11.293611111111112,6c7d0efd1d78c719
2013-04-21,16.33972222222222,6c7d0efd1d78c719
2013-04-22,17.636666666666667,6c7d0efd1d78c719
2013-04-23,1.6630555555555555,6c7d0efd1d78c719
2013-04-26,16.549722222222222,6c7d0efd1d78c719
2013-04-28,6.068333333333333,6c7d0efd1d78c719
2013-04-29,1.7433333333333334,6c7d0efd1d78c719
2013-04-30,4.177777777777778,6c7d0efd1d78c719
2013-05-01,11.009166666666667,6c7d0efd1d78c719
2013-05-04,2.7872222222222223,6c7d0efd1d78c719
2013-05-05,9.950277777777778,6c7d0efd1d78c719
2013-05-06,14.266388888888887,6c7d0efd1d78c719
2013-05-07,2.837222222222222,6c7d0efd1d78c719
2013-05-08,18.476666666666667,6c7d0efd1d78c719
2013-05-09,2.202777777777778,6c7d0efd1d78c719
2013-05-13,12.1425,6c7d0efd1d78c719
2013-05-14,23.90888888888889,6c7d0efd1d78c719
2013-05-15,10.577222222222222,6c7d0efd1d78c719
2013-05-18,3.645277777777778,6c7d0efd1d78c719
2013-05-19,9.658055555555556,6c7d0efd1d78c719
2013-05-20,18.098333333333333,6c7d0efd1d78c719
2013-05-21,13.007222222222222,6c7d0efd1d78c719
2013-04-01,9.797777777777778,678efa6567278633
2013-04-02,4.301666666666667,678efa6567278633
2013-04-03,19.185555555555553,678efa6567278633
2013-04-04,5.0408333333333335,678efa6567278633
2013-04-05,11.707222222222223,678efa6567278633
2013-04-06,8.959444444444443,678efa6567278633
2013-04-07,7.9158333333333335,678efa6567278633
2013-04-08,13.725277777777777,678efa6567278633
2013-04-09,21.194166666666668,678efa6567278633
2013-04-10,5.8502777777777775,678efa6567278633
2013-04-11,15.040833333333333,678efa6567278633
2013-04-12,6.330555555555556,678efa6567278633
2013-04-13,12.155277777777778,678efa6567278633
2013-04-14,1.191111111111111,678efa6567278633
2013-04-15,5.330277777777778,678efa6567278633
2013-04-16,16.741666666666667,678efa6567278633
2013-04-17,13.709444444444443,678efa6567278633
2013-04-18,11.209999999999999,678efa6567278633
2013-04-19,3.761111111111111,678efa6567278633
2013-04-20,8.949722222222222,678efa6567278633
2013-04-21,6.8277777777777775,678efa6567278633
2013-04-22,2.243888888888889,678efa6567278633
2013-04-23,17.220277777777778,678efa6567278633
2013-04-24,2.3802777777777777,678efa6567278633
2013-04-25,15.362777777777778,678efa6567278633
2013-04-26,22.28111111111111,678efa6567278633
2013-04-27,4.954444444444444,678efa6567278633
2013-04-28,3.9397222222222226,678efa6567278633
2013-04-29,10.098055555555556,678efa6567278633
2013-04-30,22.175833333333333,678efa6567278633
2013-05-01,12.885,678efa6567278633
2013-05-02,12.648611111111112,678efa6567278633
2013-05-03,7.7875000000000005,678efa6567278633
2013-05-07,14.969166666666666,678efa6567278633
2013-05-10,12.9825,678efa6567278633
2013-05-13,17.950833333333335,678efa6567278633
2013-05-15,7.671388888888889,678efa6567278633
2013-05-19,4.4238888888888885,678efa6567278633
2013-05-20,9.589444444444444,678efa6567278633
2013-05-21,10.976111111111111,678efa6567278633
2013-05-23,4.328888888888889,678efa6567278633
2013-05-24,14.341666666666667,678efa6567278633
2013-05-25,9.053333333333333,678efa6567278633
2013-05-26,7.406666666666666,678efa6567278633
2013-05-27,10.91472222222222,678efa6567278633
2013-05-28,5.619722222222222,678efa6567278633
2013-05-29,1.6713888888888888,678efa6567278633
2013-04-01,7.029444444444445,2c1946301ae0a12c
2013-04-02,15.548055555555555,2c1946301ae0a12c
2013-04-03,7.836388888888889,2c1946301ae0a12c
2013-04-04,18.218333333333334,2c1946301ae0a12c
2013-04-05,1.1580555555555556,2c1946301ae0a12c
2013-04-06,12.107222222222223,2c1946301ae0a12c
2013-04-07,1.9380555555555556,2c1946301ae0a12c
2013-04-08,5.918888888888889,2c1946301ae0a12c
2013-04-09,9.399166666666666,2c1946301ae0a12c
2013-04-10,6.6627777777777775,2c1946301ae0a12c
2013-04-11,4.332777777777777,2c1946301ae0a12c
2013-04-12,7.384166666666667,2c1946301ae0a12c
2013-04-16,2.7719444444444443,2c1946301ae0a12c
2013-04-17,4.183888888888889,2c1946301ae0a12c
2013-04-18,3.738611111111111,2c1946301ae0a12c
2013-04-19,8.033333333333333,2c1946301ae0a12c
2013-04-21,12.78361111111111,2c1946301ae0a12c
2013-04-24,19.871388888888887,2c1946301ae0a12c
2013-04-25,6.283055555555556,2c1946301ae0a12c
2013-04-26,7.716666666666667,2c1946301ae0a12c
2013-04-28,4.450833333333334,2c1946301ae0a12c
2013-04-29,2.3002777777777776,2c1946301ae0a12c
2013-04-30,11.582777777777778,2c1946301ae0a12c
2013-05-01,21.344166666666666,2c1946301ae0a12c
2013-05-02,7.650555555555556,2c1946301ae0a12c
2013-05-03,2.9233333333333333,2c1946301ae0a12c
2013-05-04,1.9755555555555555,2c1946301ae0a12c
2013-05-07,1.6388888888888888,2c1946301ae0a12c
2013-05-09,1.316111111111111,2c1946301ae0a12c
2013-05-11,4.812777777777778,2c1946301ae0a12c
2013-05-12,8.925,2c1946301ae0a12c
2013-05-15,5.766111111111111,2c1946301ae0a12c
2013-05-16,2.158333333333333,2c1946301ae0a12c
2013-05-20,5.575555555555555,2c1946301ae0a12c
2013-05-21,9.8375,2c1946301ae0a12c
2013-05-23,3.811111111111111,2c1946301ae0a12c
2013-05-24,10.870833333333334,2c1946301ae0a12c
2013-05-25,1.0277777777777777,2c1946301ae0a12c
2013-05-26,1.2825,2c1946301ae0a12c
2013-05-27,3.0213888888888887,2c1946301ae0a12c
2013-05-31,7.057222222222222,2c1946301ae0a12c
2013-04-01,1.825,3aa20551bd1c2cec
2013-04-02,10.980277777777777,3aa20551bd1c2cec
2013-04-03,11.919444444444444,3aa20551bd1c2cec
2013-04-04,9.867777777777778,3aa20551bd1c2cec
2013-04-05,8.518333333333333,3aa20551bd1c2cec
2013-04-06,1.0952777777777778,3aa20551bd1c2cec
2013-04-11,4.954722222222222,3aa20551bd1c2cec
2013-04-12,1.8725,3aa20551bd1c2cec
2013-04-13,5.345277777777778,3aa20551bd1c2cec
2013-04-14,13.151388888888889,3aa20551bd1c2cec
2013-04-15,12.458055555555555,3aa20551bd1c2cec
2013-04-17,7.163055555555555,3aa20551bd1c2cec
2013-04-18,10.418055555555554,3aa20551bd1c2cec
2013-04-21,12.511944444444444,3aa20551bd1c2cec
2013-04-22,6.926666666666667,3aa20551bd1c2cec
2013-04-28,1.8391666666666666,3aa20551bd1c2cec
2013-04-29,11.136388888888888,3aa20551bd1c2cec
2013-04-30,10.723333333333333,3aa20551bd1c2cec
2013-05-05,11.833333333333332,3aa20551bd1c2cec
2013-05-06,13.985555555555557,3aa20551bd1c2cec
2013-05-07,11.411944444444444,3aa20551bd1c2cec
2013-05-08,16.085555555555555,3aa20551bd1c2cec
2013-05-10,3.1319444444444446,3aa20551bd1c2cec
2013-05-11,2.1133333333333333,3aa20551bd1c2cec
2013-05-19,2.3105555555555557,3aa20551bd1c2cec
2013-05-20,10.865833333333333,3aa20551bd1c2cec
2013-05-21,15.745277777777778,3aa20551bd1c2cec
2013-05-24,4.459444444444444,3aa20551bd1c2cec
2013-05-25,8.682222222222222,3aa20551bd1c2cec
2013-05-26,12.719722222222222,3aa20551bd1c2cec
2013-05-27,6.917777777777777,3aa20551bd1c2cec
2013-05-28,15.780833333333334,3aa20551bd1c2cec
2013-03-31,1.1005555555555555,b5e6aa699aa6bb40
2013-04-01,7.606111111111112,b5e6aa699aa6bb40
2013-04-02,12.924166666666666,b5e6aa699aa6bb40
2013-04-03,18.377222222222223,b5e6aa699aa6bb40
2013-04-04,13.020277777777778,b5e6aa699aa6bb40
2013-04-05,11.510833333333334,b5e6aa699aa6bb40
2013-04-06,11.688611111111111,b5e6aa699aa6bb40
2013-04-07,8.064444444444444,b5e6aa699aa6bb40
2013-04-08,11.31,b5e6aa699aa6bb40
2013-04-09,13.245277777777778,b5e6aa699aa6bb40
2013-04-10,9.068333333333333,b5e6aa699aa6bb40
2013-04-11,13.045555555555556,b5e6aa699aa6bb40
2013-04-12,8.921666666666667,b5e6aa699aa6bb40
2013-04-13,8.603333333333333,b5e6aa699aa6bb40
2013-04-14,8.151944444444444,b5e6aa699aa6bb40
2013-04-15,14.397777777777778,b5e6aa699aa6bb40
2013-04-16,9.794166666666667,b5e6aa699aa6bb40
2013-04-17,12.1325,b5e6aa699aa6bb40
2013-04-18,5.839722222222223,b5e6aa699aa6bb40
2013-04-19,12.735555555555557,b5e6aa699aa6bb40
2013-04-20,14.06861111111111,b5e6aa699aa6bb40
2013-04-21,6.1819444444444445,b5e6aa699aa6bb40
2013-04-22,8.422777777777778,b5e6aa699aa6bb40
2013-04-24,6.471111111111111,b5e6aa699aa6bb40
2013-04-25,6.139166666666666,b5e6aa699aa6bb40
2013-04-26,10.732222222222223,b5e6aa699aa6bb40
2013-04-27,13.1875,b5e6aa699aa6bb40
2013-04-28,6.131111111111111,b5e6aa699aa6bb40
2013-04-29,4.710277777777778,b5e6aa699aa6bb40
2013-04-30,5.241388888888888,b5e6aa699aa6bb40
2013-05-01,11.198611111111111,b5e6aa699aa6bb40
2013-05-02,6.585555555555555,b5e6aa699aa6bb40
2013-05-03,7.3116666666666665,b5e6aa699aa6bb40
2013-05-04,1.5825,b5e6aa699aa6bb40
2013-05-05,10.774444444444445,b5e6aa699aa6bb40
2013-05-06,9.594166666666666,b5e6aa699aa6bb40
2013-05-07,8.683055555555555,b5e6aa699aa6bb40
2013-05-08,10.818888888888889,b5e6aa699aa6bb40
2013-05-09,10.167222222222222,b5e6aa699aa6bb40
2013-05-10,5.114999999999999,b5e6aa699aa6bb40
2013-05-11,2.612222222222222,b5e6aa699aa6bb40
2013-05-12,9.385277777777778,b5e6aa699aa6bb40
2013-05-13,4.204166666666667,b5e6aa699aa6bb40
2013-05-14,10.53138888888889,b5e6aa699aa6bb40
2013-05-15,10.227500000000001,b5e6aa699aa6bb40
2013-05-16,6.2975,b5e6aa699aa6bb40
2013-05-17,9.380833333333333,b5e6aa699aa6bb40
2013-05-18,5.523888888888889,b5e6aa699aa6bb40
2013-05-19,3.5591666666666666,b5e6aa699aa6bb40
2013-05-20,7.065555555555555,b5e6aa699aa6bb40
2013-05-21,8.511666666666667,b5e6aa699aa6bb40
2013-05-23,6.0505555555555555,b5e6aa699aa6bb40
2013-03-29,4.040277777777778,7afd2e21e5ddc153
2013-03-31,7.383333333333334,7afd2e21e5ddc153
2013-04-01,11.03138888888889,7afd2e21e5ddc153
2013-04-03,6.530277777777778,7afd2e21e5ddc153
2013-04-10,2.7333333333333334,7afd2e21e5ddc153
2013-04-11,4.235833333333333,7afd2e21e5ddc153
2013-04-12,6.4911111111111115,7afd2e21e5ddc153
2013-04-13,12.4725,7afd2e21e5ddc153
2013-04-14,1.3730555555555555,7afd2e21e5ddc153
2013-04-15,2.171388888888889,7afd2e21e5ddc153
2013-04-16,4.509444444444444,7afd2e21e5ddc153
2013-04-20,2.403611111111111,7afd2e21e5ddc153
2013-04-22,2.859166666666667,7afd2e21e5ddc153
2013-04-26,1.8827777777777779,7afd2e21e5ddc153
2013-05-03,12.999444444444444,7afd2e21e5ddc153
2013-05-18,2.859722222222222,7afd2e21e5ddc153
2013-05-20,6.5249999999999995,7afd2e21e5ddc153
2013-05-21,14.902777777777777,7afd2e21e5ddc153
2013-05-23,7.773055555555556,7afd2e21e5ddc153
2013-05-24,11.701944444444445,7afd2e21e5ddc153
2013-05-26,1.1547222222222222,7afd2e21e5ddc153
2013-05-27,10.665833333333333,7afd2e21e5ddc153
2013-05-28,11.144722222222223,7afd2e21e5ddc153
2013-05-29,6.626111111111111,7afd2e21e5ddc153
2013-05-30,9.8925,7afd2e21e5ddc153
