date,phonelock_hours,hashed_uid
2013-03-27,9.845,cd6251b4de52453b
2013-03-28,2.723055555555556,cd6251b4de52453b
2013-03-29,11.428055555555556,cd6251b4de52453b
2013-03-30,9.818333333333333,cd6251b4de52453b
2013-03-31,16.46333333333333,cd6251b4de52453b
2013-04-01,4.519166666666667,cd6251b4de52453b
2013-04-02,12.8675,cd6251b4de52453b
2013-04-03,10.172777777777778,cd6251b4de52453b
2013-04-04,9.429166666666667,cd6251b4de52453b
2013-04-05,16.87972222222222,cd6251b4de52453b
2013-04-06,7.767777777777777,cd6251b4de52453b
2013-04-07,13.360277777777778,cd6251b4de52453b
2013-04-08,11.768888888888888,cd6251b4de52453b
2013-04-09,11.034444444444444,cd6251b4de52453b
2013-04-10,6.612222222222222,cd6251b4de52453b
2013-04-11,2.2969444444444447,cd6251b4de52453b
2013-04-12,9.221944444444444,cd6251b4de52453b
2013-04-13,5.274166666666667,cd6251b4de52453b
2013-04-14,18.808055555555555,cd6251b4de52453b
2013-04-15,10.520555555555555,cd6251b4de52453b
2013-04-16,12.491944444444444,cd6251b4de52453b
2013-04-17,4.334722222222222,cd6251b4de52453b
2013-04-18,5.198055555555555,cd6251b4de52453b
2013-04-19,6.842222222222222,cd6251b4de52453b
2013-04-20,14.983055555555556,cd6251b4de52453b
2013-04-21,14.080833333333334,cd6251b4de52453b
2013-04-22,10.191666666666666,cd6251b4de52453b
2013-04-23,10.460555555555555,cd6251b4de52453b
2013-04-24,5.673333333333334,cd6251b4de52453b
2013-04-25,9.197777777777777,cd6251b4de52453b
2013-04-26,16.88388888888889,cd6251b4de52453b
2013-04-27,11.163611111111111,cd6251b4de52453b
2013-04-28,11.821944444444444,cd6251b4de52453b
2013-04-29,14.010555555555555,cd6251b4de52453b
2013-04-30,5.412222222222223,cd6251b4de52453b
2013-05-01,8.627777777777776,cd6251b4de52453b
2013-05-02,7.222777777777778,cd6251b4de52453b
2013-05-03,13.359722222222222,cd6251b4de52453b
2013-05-04,8.707777777777778,cd6251b4de52453b
2013-05-05,10.136944444444445,cd6251b4de52453b
2013-05-06,12.276666666666667,cd6251b4de52453b
2013-05-07,13.231111111111112,cd6251b4de52453b
2013-05-08,10.546388888888888,cd6251b4de52453b
2013-05-09,16.7725,cd6251b4de52453b
2013-05-10,9.829722222222221,cd6251b4de52453b
2013-05-11,6.926666666666667,cd6251b4de52453b
2013-05-12,4.849166666666667,cd6251b4de52453b
2013-05-13,15.041666666666668,cd6251b4de52453b
2013-05-14,7.4575,cd6251b4de52453b
2013-05-15,13.127500000000001,cd6251b4de52453b
2013-05-16,10.421944444444444,cd6251b4de52453b
2013-05-17,1.2277777777777779,cd6251b4de52453b
2013-05-19,5.056111111111111,cd6251b4de52453b
2013-05-23,7.3308333333333335,cd6251b4de52453b
2013-05-24,3.6638888888888888,cd6251b4de52453b
2013-05-26,17.77583333333333,cd6251b4de52453b
2013-05-27,13.717500000000001,cd6251b4de52453b
2013-05-28,4.0777777777777775,cd6251b4de52453b
2013-05-29,1.1097222222222223,cd6251b4de52453b
2013-05-30,11.634722222222223,cd6251b4de52453b
2013-05-31,6.052222222222222,cd6251b4de52453b
2013-03-27,13.135833333333334,26119daf181335b2
2013-03-28,7.466944444444445,26119daf181335b2
2013-03-29,18.386111111111113,26119daf181335b2
2013-03-30,21.78527777777778,26119daf181335b2
2013-03-31,25.727777777777778,26119daf181335b2
2013-04-01,16.21388888888889,26119daf181335b2
2013-04-02,13.19638888888889,26119daf181335b2
2013-04-03,20.763055555555553,26119daf181335b2
2013-04-04,12.090555555555556,26119daf181335b2
2013-04-05,23.9325,26119daf181335b2
2013-04-06,11.516111111111112,26119daf181335b2
2013-04-07,12.235,26119daf181335b2
2013-04-08,16.28638888888889,26119daf181335b2
2013-04-09,13.085555555555555,26119daf181335b2
2013-04-10,20.095,26119daf181335b2
2013-04-11,21.28611111111111,26119daf181335b2
2013-04-12,18.921666666666667,26119daf181335b2
2013-04-13,11.016944444444444,26119daf181335b2
2013-04-14,4.7844444444444445,26119daf181335b2
2013-04-15,15.974722222222223,26119daf181335b2
2013-04-16,12.159166666666668,26119daf181335b2
2013-04-17,19.625277777777775,26119daf181335b2
2013-04-18,18.9975,26119daf181335b2
2013-04-19,12.657499999999999,26119daf181335b2
2013-04-20,9.464166666666667,26119daf181335b2
2013-04-21,23.32111111111111,26119daf181335b2
2013-04-22,20.091944444444444,26119daf181335b2
2013-04-23,17.756666666666668,26119daf181335b2
2013-04-24,21.02611111111111,26119daf181335b2
2013-04-25,22.376944444444447,26119daf181335b2
2013-04-26,20.272222222222222,26119daf181335b2
2013-04-27,22.995555555555555,26119daf181335b2
2013-04-28,12.247499999999999,26119daf181335b2
2013-04-29,18.758333333333333,26119daf181335b2
2013-04-30,9.865555555555556,26119daf181335b2
2013-05-01,23.843333333333334,26119daf181335b2
2013-05-02,24.070833333333333,26119daf181335b2
2013-05-03,21.94777777777778,26119daf181335b2
2013-05-04,9.515555555555554,26119daf181335b2
2013-05-07,4.1575,26119daf181335b2
2013-05-08,14.118611111111111,26119daf181335b2
2013-05-09,2.8375,26119daf181335b2
2013-05-10,10.858055555555556,26119daf181335b2
2013-05-13,12.209999999999999,26119daf181335b2
2013-05-14,9.390555555555556,26119daf181335b2
2013-05-15,23.38361111111111,26119daf181335b2
2013-05-16,11.219444444444445,26119daf181335b2
2013-05-17,12.535,26119daf181335b2
2013-05-18,13.35972222222222,26119daf181335b2
2013-05-19,11.90611111111111,26119daf181335b2
2013-05-21,12.280000000000001,26119daf181335b2
2013-05-23,20.675555555555555,26119daf181335b2
2013-05-26,15.794722222222223,26119daf181335b2
2013-05-27,9.95,26119daf181335b2
2013-05-28,11.821666666666667,26119daf181335b2
2013-05-29,1.43,26119daf181335b2
2013-03-27,8.596944444444444,37985280ff34ce04
2013-03-28,2.095833333333333,37985280ff34ce04
2013-03-29,13.838888888888889,37985280ff34ce04
2013-03-30,2.3047222222222223,37985280ff34ce04
2013-03-31,8.175,37985280ff34ce04
2013-04-01,11.931111111111111,37985280ff34ce04
2013-04-02,3.6194444444444445,37985280ff34ce04
2013-04-03,8.637777777777778,37985280ff34ce04
2013-04-04,10.703888888888889,37985280ff34ce04
2013-04-05,4.043611111111112,37985280ff34ce04
2013-04-06,2.3452777777777776,37985280ff34ce04
2013-04-07,8.274444444444445,37985280ff34ce04
2013-04-08,6.385,37985280ff34ce04
2013-04-09,19.01888888888889,37985280ff34ce04
2013-04-10,12.845833333333333,37985280ff34ce04
2013-04-11,10.7025,37985280ff34ce04
2013-04-12,6.8261111111111115,37985280ff34ce04
2013-04-13,9.66,37985280ff34ce04
2013-04-14,9.391111111111112,37985280ff34ce04
2013-04-15,7.223333333333334,37985280ff34ce04
2013-04-16,5.081666666666667,37985280ff34ce04
2013-04-17,8.614444444444445,37985280ff34ce04
2013-04-18,1.0797222222222222,37985280ff34ce04
2013-04-19,3.552777777777778,37985280ff34ce04
2013-04-20,9.1825,37985280ff34ce04
2013-04-21,8.147222222222222,37985280ff34ce04
2013-04-23,10.903611111111111,37985280ff34ce04
2013-04-24,4.030833333333334,37985280ff34ce04
2013-04-25,4.016111111111111,37985280ff34ce04
2013-04-26,3.9375,37985280ff34ce04
2013-04-27,7.561388888888889,37985280ff34ce04
2013-04-28,7.611111111111112,37985280ff34ce04
2013-04-29,7.803055555555556,37985280ff34ce04
2013-04-30,5.486111111111111,37985280ff34ce04
2013-05-01,11.077777777777778,37985280ff34ce04
2013-05-02,16.778055555555554,37985280ff34ce04
2013-05-03,1.376111111111111,37985280ff34ce04
2013-05-04,5.915,37985280ff34ce04
2013-05-05,11.157777777777778,37985280ff34ce04
2013-05-06,4.597777777777778,37985280ff34ce04
2013-05-07,8.645833333333332,37985280ff34ce04
2013-05-08,2.644722222222222,37985280ff34ce04
2013-05-09,4.0536111111111115,37985280ff34ce04
2013-05-10,1.5130555555555556,37985280ff34ce04
2013-05-11,6.701944444444445,37985280ff34ce04
2013-05-12,9.633055555555556,37985280ff34ce04
2013-05-14,9.934999999999999,37985280ff34ce04
2013-05-15,6.693611111111111,37985280ff34ce04
2013-05-16,2.458055555555555,37985280ff34ce04
2013-05-17,2.8833333333333333,37985280ff34ce04
2013-05-18,6.8341666666666665,37985280ff34ce04
2013-05-19,1.0908333333333333,37985280ff34ce04
2013-05-20,8.288055555555555,37985280ff34ce04
2013-05-21,7.876388888888889,37985280ff34ce04
2013-05-22,3.9558333333333335,37985280ff34ce04
2013-05-23,7.513611111111111,37985280ff34ce04
2013-05-24,7.3133333333333335,37985280ff34ce04
2013-05-25,8.0675,37985280ff34ce04
2013-05-26,6.0325,37985280ff34ce04
2013-05-27,7.637777777777778,37985280ff34ce04
2013-05-28,3.728888888888889,37985280ff34ce04
2013-05-29,4.842499999999999,37985280ff34ce04
2013-05-30,9.446944444444444,37985280ff34ce04
2013-05-31,5.750555555555556,37985280ff34ce04
2013-03-26,5.444444444444445,4fc7d2e42c31e91b
2013-03-27,17.094722222222224,4fc7d2e42c31e91b
2013-03-28,12.310277777777777,4fc7d2e42c31e91b
2013-03-29,11.710277777777778,4fc7d2e42c31e91b
2013-03-30,7.9191666666666665,4fc7d2e42c31e91b
2013-03-31,22.054166666666667,4fc7d2e42c31e91b
2013-04-01,11.268611111111111,4fc7d2e42c31e91b
2013-04-03,9.809999999999999,4fc7d2e42c31e91b
2013-04-05,9.784444444444444,4fc7d2e42c31e91b
2013-04-07,23.365555555555556,4fc7d2e42c31e91b
2013-04-08,22.723055555555558,4fc7d2e42c31e91b
2013-04-09,17.91027777777778,4fc7d2e42c31e91b
2013-04-10,3.1452777777777774,4fc7d2e42c31e91b
2013-04-12,9.761944444444444,4fc7d2e42c31e91b
2013-04-13,1.3022222222222222,4fc7d2e42c31e91b
2013-04-14,2.721111111111111,4fc7d2e42c31e91b
2013-04-15,12.671944444444444,4fc7d2e42c31e91b
2013-04-16,8.89638888888889,4fc7d2e42c31e91b
2013-04-17,8.742777777777778,4fc7d2e42c31e91b
2013-04-20,11.2625,4fc7d2e42c31e91b
2013-04-21,19.090277777777775,4fc7d2e42c31e91b
2013-04-22,12.330277777777777,4fc7d2e42c31e91b
2013-04-23,24.085,4fc7d2e42c31e91b
2013-04-24,15.388333333333332,4fc7d2e42c31e91b
2013-04-26,1.4291666666666667,4fc7d2e42c31e91b
2013-04-27,11.324166666666667,4fc7d2e42c31e91b
2013-04-28,4.239722222222222,4fc7d2e42c31e91b
2013-04-29,26.51027777777778,4fc7d2e42c31e91b
2013-04-30,15.233611111111113,4fc7d2e42c31e91b
2013-05-04,2.8025,4fc7d2e42c31e91b
2013-05-05,11.335555555555555,4fc7d2e42c31e91b
2013-05-06,14.394166666666667,4fc7d2e42c31e91b
2013-05-11,4.372777777777777,4fc7d2e42c31e91b
2013-05-12,8.777222222222223,4fc7d2e42c31e91b
2013-05-13,1.261388888888889,4fc7d2e42c31e91b
2013-05-15,13.956388888888888,4fc7d2e42c31e91b
2013-05-16,2.7280555555555557,4fc7d2e42c31e91b
2013-05-21,1.5930555555555554,4fc7d2e42c31e91b
2013-03-26,7.065,5c373475c11275cb
2013-03-27,17.185000000000002,5c373475c11275cb
2013-03-28,10.29888888888889,5c373475c11275cb
2013-03-29,15.58361111111111,5c373475c11275cb
2013-03-30,22.0875,5c373475c11275cb
2013-03-31,24.59638888888889,5c373475c11275cb
2013-04-01,14.839444444444444,5c373475c11275cb
2013-04-02,27.183888888888887,5c373475c11275cb
2013-04-03,18.69527777777778,5c373475c11275cb
2013-04-04,14.300555555555555,5c373475c11275cb
2013-04-05,25.098333333333333,5c373475c11275cb
2013-04-06,22.354166666666668,5c373475c11275cb
2013-04-07,16.133055555555558,5c373475c11275cb
2013-04-08,20.071944444444444,5c373475c11275cb
2013-04-09,22.904999999999998,5c373475c11275cb
2013-04-10,12.566944444444445,5c373475c11275cb
2013-04-11,20.72861111111111,5c373475c11275cb
2013-04-12,12.439722222222223,5c373475c11275cb
2013-04-13,23.975833333333334,5c373475c11275cb
2013-04-14,24.654444444444444,5c373475c11275cb
2013-04-15,18.464444444444442,5c373475c11275cb
2013-04-16,6.138333333333334,5c373475c11275cb
2013-04-17,19.822222222222223,5c373475c11275cb
2013-04-18,21.032222222222224,5c373475c11275cb
2013-04-19,28.404444444444444,5c373475c11275cb
2013-04-20,15.576944444444445,5c373475c11275cb
2013-04-22,23.320555555555558,5c373475c11275cb
2013-04-23,14.217777777777778,5c373475c11275cb
2013-04-24,30.8025,5c373475c11275cb
2013-04-25,15.204444444444444,5c373475c11275cb
2013-04-26,13.219444444444445,5c373475c11275cb
2013-04-27,27.45,5c373475c11275cb
2013-04-28,14.457222222222223,5c373475c11275cb
2013-04-29,21.253611111111113,5c373475c11275cb
2013-04-30,15.713888888888889,5c373475c11275cb
2013-05-01,23.535833333333333,5c373475c11275cb
2013-05-02,19.470833333333335,5c373475c11275cb
2013-05-03,8.385,5c373475c11275cb
2013-05-04,1.8,5c373475c11275cb
2013-05-05,24.834722222222222,5c373475c11275cb
2013-05-06,9.799444444444445,5c373475c11275cb
2013-05-07,15.4925,5c373475c11275cb
2013-05-08,17.53277777777778,5c373475c11275cb
2013-05-09,17.290555555555557,5c373475c11275cb
2013-05-10,22.115277777777777,5c373475c11275cb
2013-05-11,21.962777777777777,5c373475c11275cb
2013-05-12,7.695555555555556,5c373475c11275cb
2013-05-13,21.44,5c373475c11275cb
2013-05-14,20.163055555555555,5c373475c11275cb
2013-05-15,22.699166666666667,5c373475c11275cb
2013-05-16,23.391111111111112,5c373475c11275cb
2013-05-17,12.61611111111111,5c373475c11275cb
2013-05-19,3.3225,5c373475c11275cb
2013-05-21,12.049166666666666,5c373475c11275cb
2013-05-22,7.025555555555556,5c373475c11275cb
2013-03-27,18.40361111111111,42a389ebb402924a
2013-03-28,14.0275,42a389ebb402924a
2013-03-29,8.1775,42a389ebb402924a
2013-03-30,30.355555555555554,42a389ebb402924a
2013-03-31,22.428055555555556,42a389ebb402924a
2013-04-01,20.670555555555556,42a389ebb402924a
2013-04-02,12.04888888888889,42a389ebb402924a
2013-04-03,21.455833333333334,42a389ebb402924a
2013-04-04,18.488611111111112,42a389ebb402924a
2013-04-05,6.894444444444444,42a389ebb402924a
2013-04-06,23.04083333333333,42a389ebb402924a
2013-04-07,11.650833333333335,42a389ebb402924a
2013-04-08,19.290833333333335,42a389ebb402924a
2013-04-09,29.307777777777776,42a389ebb402924a
2013-04-10,7.979444444444445,42a389ebb402924a
2013-04-11,12.0725,42a389ebb402924a
2013-04-12,3.6177777777777775,42a389ebb402924a
2013-04-13,3.7688888888888887,42a389ebb402924a
2013-04-14,20.092222222222222,42a389ebb402924a
2013-04-15,19.454444444444444,42a389ebb402924a
2013-04-16,10.895833333333332,42a389ebb402924a
2013-04-17,21.55388888888889,42a389ebb402924a
2013-04-19,2.921111111111111,42a389ebb402924a
2013-04-20,3.722777777777778,42a389ebb402924a
2013-04-21,4.940555555555555,42a389ebb402924a
2013-04-22,11.303611111111111,42a389ebb402924a
2013-04-23,14.938333333333333,42a389ebb402924a
2013-04-24,12.885555555555555,42a389ebb402924a
2013-04-25,14.964444444444444,42a389ebb402924a
2013-04-26,24.176944444444445,42a389ebb402924a
2013-04-27,4.781944444444444,42a389ebb402924a
2013-04-28,8.15388888888889,42a389ebb402924a
2013-04-29,23.305833333333332,42a389ebb402924a
2013-04-30,14.501111111111111,42a389ebb402924a
2013-05-01,7.250555555555556,42a389ebb402924a
2013-05-02,17.811666666666667,42a389ebb402924a
2013-05-03,13.779166666666665,42a389ebb402924a
2013-05-04,21.874166666666667,42a389ebb402924a
2013-05-05,9.943888888888889,42a389ebb402924a
2013-05-08,7.503333333333334,42a389ebb402924a
2013-05-10,5.781944444444445,42a389ebb402924a
2013-05-12,8.780833333333334,42a389ebb402924a
2013-05-13,8.367777777777778,42a389ebb402924a
2013-05-15,9.599722222222223,42a389ebb402924a
2013-05-18,3.6566666666666667,42a389ebb402924a
2013-05-19,9.986666666666668,42a389ebb402924a
2013-05-21,17.663055555555555,42a389ebb402924a
2013-05-22,12.330833333333333,42a389ebb402924a
2013-05-24,1.0883333333333334,42a389ebb402924a
2013-05-26,3.5413888888888887,42a389ebb402924a
2013-05-28,6.9413888888888895,42a389ebb402924a
2013-05-29,5.703888888888889,42a389ebb402924a
2013-03-27,11.405277777777778,cda188c15b09fbc7
2013-03-28,11.183888888888887,cda188c15b09fbc7
2013-03-29,7.324166666666667,cda188c15b09fbc7
2013-03-30,20.736666666666668,cda188c15b09fbc7
2013-03-31,15.985833333333334,cda188c15b09fbc7
2013-04-01,12.453611111111112,cda188c15b09fbc7
2013-04-02,17.37944444444444,cda188c15b09fbc7
2013-04-03,23.482777777777777,cda188c15b09fbc7
2013-04-04,18.392222222222223,cda188c15b09fbc7
2013-04-05,16.844722222222224,cda188c15b09fbc7
2013-04-06,27.926111111111112,cda188c15b09fbc7
2013-04-08,13.318888888888889,cda188c15b09fbc7
2013-04-10,9.685555555555556,cda188c15b09fbc7
2013-04-11,20.178333333333335,cda188c15b09fbc7
2013-04-12,17.08611111111111,cda188c15b09fbc7
2013-04-13,21.32888888888889,cda188c15b09fbc7
2013-04-15,14.792222222222223,cda188c15b09fbc7
2013-04-16,20.927500000000002,cda188c15b09fbc7
2013-04-17,21.7375,cda188c15b09fbc7
2013-04-18,20.635555555555555,cda188c15b09fbc7
2013-04-19,14.698055555555555,cda188c15b09fbc7
2013-04-20,18.342777777777776,cda188c15b09fbc7
2013-04-21,17.41027777777778,cda188c15b09fbc7
2013-04-22,13.875833333333333,cda188c15b09fbc7
2013-04-23,15.967777777777778,cda188c15b09fbc7
2013-04-24,20.011666666666667,cda188c15b09fbc7
2013-04-25,24.17,cda188c15b09fbc7
2013-04-26,19.183055555555555,cda188c15b09fbc7
2013-04-27,1.6741666666666666,cda188c15b09fbc7
2013-04-28,6.042222222222223,cda188c15b09fbc7
2013-04-29,7.8933333333333335,cda188c15b09fbc7
2013-04-30,10.126944444444446,cda188c15b09fbc7
2013-05-01,15.612222222222222,cda188c15b09fbc7
2013-05-02,23.55027777777778,cda188c15b09fbc7
2013-05-03,11.561388888888889,cda188c15b09fbc7
2013-05-04,19.068055555555556,cda188c15b09fbc7
2013-05-05,3.901111111111111,cda188c15b09fbc7
2013-05-06,24.96527777777778,cda188c15b09fbc7
2013-05-09,3.4077777777777776,cda188c15b09fbc7
2013-05-11,8.071111111111112,cda188c15b09fbc7
2013-05-12,18.11138888888889,cda188c15b09fbc7
2013-05-13,17.283055555555556,cda188c15b09fbc7
2013-03-26,1.4272222222222222,e6f9550c1a45e908
2013-03-27,12.080833333333333,e6f9550c1a45e908
2013-03-28,10.989722222222223,e6f9550c1a45e908
2013-03-29,11.946666666666665,e6f9550c1a45e908
2013-03-30,18.012222222222224,e6f9550c1a45e908
2013-03-31,10.749166666666666,e6f9550c1a45e908
2013-04-01,7.178888888888889,e6f9550c1a45e908
2013-04-02,7.442777777777778,e6f9550c1a45e908
2013-04-03,13.06611111111111,e6f9550c1a45e908
2013-04-04,6.170555555555556,e6f9550c1a45e908
2013-04-05,11.789444444444445,e6f9550c1a45e908
2013-04-06,8.724166666666667,e6f9550c1a45e908
2013-04-07,8.399444444444445,e6f9550c1a45e908
2013-04-08,14.876388888888888,e6f9550c1a45e908
2013-04-09,10.16138888888889,e6f9550c1a45e908
2013-04-10,14.629999999999999,e6f9550c1a45e908
2013-04-11,13.479444444444445,e6f9550c1a45e908
2013-04-12,12.574166666666667,e6f9550c1a45e908
2013-04-13,10.408333333333333,e6f9550c1a45e908
2013-04-14,13.998333333333333,e6f9550c1a45e908
2013-04-15,11.293333333333333,e6f9550c1a45e908
2013-04-16,10.10388888888889,e6f9550c1a45e908
2013-04-17,6.214166666666667,e6f9550c1a45e908
2013-04-18,6.034166666666667,e6f9550c1a45e908
2013-04-19,7.528333333333334,e6f9550c1a45e908
2013-04-20,6.516666666666667,e6f9550c1a45e908
2013-04-21,8.46,e6f9550c1a45e908
2013-04-22,11.267222222222223,e6f9550c1a45e908
2013-04-23,9.5725,e6f9550c1a45e908
2013-04-24,11.511666666666667,e6f9550c1a45e908
2013-04-25,5.684166666666666,e6f9550c1a45e908
2013-04-26,8.139722222222222,e6f9550c1a45e908
2013-04-27,6.338055555555556,e6f9550c1a45e908
2013-04-28,8.161666666666667,e6f9550c1a45e908
2013-04-29,7.563611111111111,e6f9550c1a45e908
2013-04-30,8.264722222222222,e6f9550c1a45e908
2013-05-01,8.185555555555556,e6f9550c1a45e908
2013-05-02,5.801944444444445,e6f9550c1a45e908
2013-05-03,9.73611111111111,e6f9550c1a45e908
2013-05-04,2.2655555555555553,e6f9550c1a45e908
2013-05-05,10.439722222222223,e6f9550c1a45e908
2013-05-06,10.953055555555554,e6f9550c1a45e908
2013-05-07,11.47888888888889,e6f9550c1a45e908
2013-05-08,15.878055555555555,e6f9550c1a45e908
2013-05-09,11.706111111111111,e6f9550c1a45e908
2013-05-10,12.11888888888889,e6f9550c1a45e908
2013-05-11,10.10138888888889,e6f9550c1a45e908
2013-05-12,6.763055555555555,e6f9550c1a45e908
2013-05-13,13.197777777777777,e6f9550c1a45e908
2013-05-14,13.230833333333333,e6f9550c1a45e908
2013-05-15,10.693888888888889,e6f9550c1a45e908
2013-05-16,11.693055555555555,e6f9550c1a45e908
2013-05-17,15.852222222222222,e6f9550c1a45e908
2013-05-18,18.14472222222222,e6f9550c1a45e908
2013-05-19,13.262222222222222,e6f9550c1a45e908
2013-05-20,11.296944444444444,e6f9550c1a45e908
2013-05-21,11.878333333333334,e6f9550c1a45e908
2013-05-22,7.851111111111111,e6f9550c1a45e908
2013-05-23,10.471388888888889,e6f9550c1a45e908
2013-05-24,13.980833333333333,e6f9550c1a45e908
2013-05-25,12.544166666666667,e6f9550c1a45e908
2013-05-26,1.1266666666666667,e6f9550c1a45e908
2013-05-27,9.944166666666668,e6f9550c1a45e908
2013-05-28,13.394722222222223,e6f9550c1a45e908
2013-03-26,9.219166666666666,bcf5858b23ad5d6c
2013-03-27,17.276944444444446,bcf5858b23ad5d6c
2013-03-28,8.875833333333333,bcf5858b23ad5d6c
2013-03-29,19.451944444444443,bcf5858b23ad5d6c
2013-04-01,4.723611111111111,bcf5858b23ad5d6c
2013-04-02,18.698333333333334,bcf5858b23ad5d6c
2013-04-03,8.643055555555556,bcf5858b23ad5d6c
2013-04-04,11.749444444444444,bcf5858b23ad5d6c
2013-04-05,6.6338888888888885,bcf5858b23ad5d6c
2013-04-06,19.397222222222222,bcf5858b23ad5d6c
2013-04-07,21.049999999999997,bcf5858b23ad5d6c
2013-04-08,10.105,bcf5858b23ad5d6c
2013-04-09,31.209722222222222,bcf5858b23ad5d6c
2013-04-10,12.311666666666667,bcf5858b23ad5d6c
2013-04-11,6.673888888888889,bcf5858b23ad5d6c
2013-04-12,9.719166666666666,bcf5858b23ad5d6c
2013-04-13,19.669166666666666,bcf5858b23ad5d6c
2013-04-14,11.608611111111111,bcf5858b23ad5d6c
2013-04-15,6.4655555555555555,bcf5858b23ad5d6c
2013-04-16,20.815555555555555,bcf5858b23ad5d6c
2013-04-17,13.170000000000002,bcf5858b23ad5d6c
2013-04-18,30.37777777777778,bcf5858b23ad5d6c
2013-04-19,18.061944444444446,bcf5858b23ad5d6c
2013-04-20,24.13388888888889,bcf5858b23ad5d6c
2013-04-21,20.590555555555557,bcf5858b23ad5d6c
2013-04-22,8.276388888888889,bcf5858b23ad5d6c
2013-04-23,17.325,bcf5858b23ad5d6c
2013-04-24,18.494722222222222,bcf5858b23ad5d6c
2013-04-25,5.271944444444444,bcf5858b23ad5d6c
2013-04-26,11.424166666666668,bcf5858b23ad5d6c
2013-04-28,26.098333333333333,bcf5858b23ad5d6c
2013-04-29,8.682777777777778,bcf5858b23ad5d6c
2013-04-30,20.94666666666667,bcf5858b23ad5d6c
2013-05-01,21.83,bcf5858b23ad5d6c
2013-05-02,18.1475,bcf5858b23ad5d6c
2013-05-03,29.1675,bcf5858b23ad5d6c
2013-05-06,13.231111111111112,bcf5858b23ad5d6c
2013-05-07,28.255,bcf5858b23ad5d6c
2013-05-08,21.186944444444443,bcf5858b23ad5d6c
2013-05-09,8.189444444444446,bcf5858b23ad5d6c
2013-05-10,20.000277777777775,bcf5858b23ad5d6c
2013-05-11,22.871666666666666,bcf5858b23ad5d6c
2013-05-12,14.939444444444444,bcf5858b23ad5d6c
2013-05-13,2.9497222222222224,bcf5858b23ad5d6c
2013-05-14,16.858333333333334,bcf5858b23ad5d6c
2013-05-15,16.59,bcf5858b23ad5d6c
2013-05-16,13.124166666666666,bcf5858b23ad5d6c
2013-05-17,8.7875,bcf5858b23ad5d6c
2013-05-19,22.45138888888889,bcf5858b23ad5d6c
2013-05-20,9.014722222222222,bcf5858b23ad5d6c
2013-05-21,12.902222222222221,bcf5858b23ad5d6c
2013-05-22,12.433333333333334,bcf5858b23ad5d6c
2013-05-23,22.077222222222222,bcf5858b23ad5d6c
2013-05-24,14.948055555555555,bcf5858b23ad5d6c
2013-05-26,14.384722222222223,bcf5858b23ad5d6c
2013-05-27,12.60972222222222,bcf5858b23ad5d6c
2013-05-28,7.246666666666666,bcf5858b23ad5d6c
2013-05-29,16.003888888888888,bcf5858b23ad5d6c
2013-05-30,3.208611111111111,bcf5858b23ad5d6c
2013-03-27,24.645,4c2427b7dea51ebb
2013-03-28,5.5375,4c2427b7dea51ebb
2013-03-29,14.884444444444444,4c2427b7dea51ebb
2013-03-30,18.766111111111112,4c2427b7dea51ebb
2013-03-31,19.255000000000003,4c2427b7dea51ebb
2013-04-01,18.34722222222222,4c2427b7dea51ebb
2013-04-02,14.936944444444444,4c2427b7dea51ebb
2013-04-03,21.464444444444446,4c2427b7dea51ebb
2013-04-04,15.163055555555555,4c2427b7dea51ebb
2013-04-05,18.176388888888887,4c2427b7dea51ebb
2013-04-06,18.915,4c2427b7dea51ebb
2013-04-07,17.905277777777776,4c2427b7dea51ebb
2013-04-08,24.552500000000002,4c2427b7dea51ebb
2013-04-09,15.380555555555556,4c2427b7dea51ebb
2013-04-10,10.229444444444443,4c2427b7dea51ebb
2013-04-11,12.614166666666666,4c2427b7dea51ebb
2013-04-12,17.371111111111112,4c2427b7dea51ebb
2013-04-13,10.831388888888888,4c2427b7dea51ebb
2013-04-14,29.122222222222224,4c2427b7dea51ebb
2013-04-15,8.446944444444444,4c2427b7dea51ebb
2013-04-16,12.605555555555556,4c2427b7dea51ebb
2013-04-17,14.980833333333333,4c2427b7dea51ebb
2013-04-18,2.5591666666666666,4c2427b7dea51ebb
2013-04-19,4.810555555555556,4c2427b7dea51ebb
2013-04-20,25.314166666666665,4c2427b7dea51ebb
2013-04-21,17.63722222222222,4c2427b7dea51ebb
2013-04-22,9.183333333333334,4c2427b7dea51ebb
2013-04-23,25.20638888888889,4c2427b7dea51ebb
2013-04-24,22.286388888888887,4c2427b7dea51ebb
2013-04-25,15.86111111111111,4c2427b7dea51ebb
2013-04-26,5.266666666666667,4c2427b7dea51ebb
2013-04-27,2.3144444444444443,4c2427b7dea51ebb
2013-04-28,3.5327777777777776,4c2427b7dea51ebb
2013-04-29,7.397222222222222,4c2427b7dea51ebb
2013-04-30,9.709444444444445,4c2427b7dea51ebb
2013-05-01,21.921666666666667,4c2427b7dea51ebb
2013-05-02,9.056111111111111,4c2427b7dea51ebb
2013-05-03,6.285833333333334,4c2427b7dea51ebb
2013-05-04,8.391388888888889,4c2427b7dea51ebb
2013-05-05,6.560833333333333,4c2427b7dea51ebb
2013-05-06,12.346944444444444,4c2427b7dea51ebb
2013-05-07,11.118333333333334,4c2427b7dea51ebb
2013-05-08,7.892222222222222,4c2427b7dea51ebb
2013-05-09,8.68611111111111,4c2427b7dea51ebb
2013-05-10,7.398888888888888,4c2427b7dea51ebb
2013-05-11,4.0344444444444445,4c2427b7dea51ebb
2013-05-12,14.29638888888889,4c2427b7dea51ebb
2013-05-13,14.825277777777778,4c2427b7dea51ebb
2013-05-14,6.0569444444444445,4c2427b7dea51ebb
2013-05-15,13.353333333333333,4c2427b7dea51ebb
2013-05-16,19.683333333333334,4c2427b7dea51ebb
2013-05-17,4.746388888888889,4c2427b7dea51ebb
2013-05-18,7.671111111111111,4c2427b7dea51ebb
2013-05-19,11.504999999999999,4c2427b7dea51ebb
2013-05-20,7.437222222222222,4c2427b7dea51ebb
2013-05-21,6.601388888888889,4c2427b7dea51ebb
2013-05-22,9.38861111111111,4c2427b7dea51ebb
2013-05-23,10.083333333333332,4c2427b7dea51ebb
2013-05-24,5.96,4c2427b7dea51ebb
2013-05-25,15.29861111111111,4c2427b7dea51ebb
2013-05-26,4.2675,4c2427b7dea51ebb
2013-05-27,28.47222222222222,4c2427b7dea51ebb
2013-05-28,11.048055555555555,4c2427b7dea51ebb
2013-05-29,10.516944444444444,4c2427b7dea51ebb
2013-05-30,7.145555555555556,4c2427b7dea51ebb
2013-05-31,4.086666666666667,4c2427b7dea51ebb
2013-03-26,7.139722222222222,d853ba7bf3a89249
2013-03-27,18.892222222222223,d853ba7bf3a89249
2013-03-28,15.395277777777778,d853ba7bf3a89249
2013-03-29,9.425555555555555,d853ba7bf3a89249
2013-03-30,14.458055555555557,d853ba7bf3a89249
2013-03-31,2.8486111111111114,d853ba7bf3a89249
2013-04-01,15.886111111111111,d853ba7bf3a89249
2013-04-02,7.263055555555556,d853ba7bf3a89249
2013-04-03,14.250277777777779,d853ba7bf3a89249
2013-04-04,20.131666666666668,d853ba7bf3a89249
2013-04-05,1.8380555555555556,d853ba7bf3a89249
2013-04-06,16.425833333333333,d853ba7bf3a89249
2013-04-07,10.84888888888889,d853ba7bf3a89249
2013-04-08,3.4558333333333335,d853ba7bf3a89249
2013-04-09,13.151666666666667,d853ba7bf3a89249
2013-04-10,11.995833333333334,d853ba7bf3a89249
2013-04-11,18.060833333333335,d853ba7bf3a89249
2013-04-12,5.420833333333333,d853ba7bf3a89249
2013-04-13,11.837777777777777,d853ba7bf3a89249
2013-04-14,7.873055555555555,d853ba7bf3a89249
2013-04-15,17.867222222222225,d853ba7bf3a89249
2013-04-16,7.233055555555556,d853ba7bf3a89249
2013-04-17,13.169166666666667,d853ba7bf3a89249
2013-04-18,14.470833333333333,d853ba7bf3a89249
2013-04-19,18.22722222222222,d853ba7bf3a89249
2013-04-20,11.758055555555556,d853ba7bf3a89249
2013-04-21,24.179166666666667,d853ba7bf3a89249
2013-04-22,13.51388888888889,d853ba7bf3a89249
2013-04-23,10.924444444444445,d853ba7bf3a89249
2013-04-24,17.85333333333333,d853ba7bf3a89249
2013-04-25,12.497222222222224,d853ba7bf3a89249
2013-04-26,13.098333333333333,d853ba7bf3a89249
2013-04-27,13.586944444444445,d853ba7bf3a89249
2013-04-28,15.931111111111111,d853ba7bf3a89249
2013-04-29,17.304166666666667,d853ba7bf3a89249
2013-04-30,16.8825,d853ba7bf3a89249
2013-05-01,16.88361111111111,d853ba7bf3a89249
2013-05-02,21.335555555555555,d853ba7bf3a89249
2013-05-03,13.339444444444444,d853ba7bf3a89249
2013-05-04,17.484444444444446,d853ba7bf3a89249
2013-05-05,10.885277777777777,d853ba7bf3a89249
2013-05-06,12.835555555555555,d853ba7bf3a89249
2013-05-07,8.665,d853ba7bf3a89249
2013-05-08,20.885833333333334,d853ba7bf3a89249
2013-05-09,4.469722222222222,d853ba7bf3a89249
2013-05-10,18.421666666666667,d853ba7bf3a89249
2013-05-11,6.339166666666666,d853ba7bf3a89249
2013-05-12,17.504166666666666,d853ba7bf3a89249
2013-05-13,15.75888888888889,d853ba7bf3a89249
2013-05-14,5.473333333333334,d853ba7bf3a89249
2013-05-15,16.129444444444445,d853ba7bf3a89249
2013-05-16,11.144444444444444,d853ba7bf3a89249
2013-05-17,16.377499999999998,d853ba7bf3a89249
2013-05-18,17.308888888888887,d853ba7bf3a89249
2013-05-19,23.813333333333333,d853ba7bf3a89249
2013-05-20,10.334444444444443,d853ba7bf3a89249
2013-05-21,13.054166666666667,d853ba7bf3a89249
2013-05-22,2.9730555555555553,d853ba7bf3a89249
2013-05-23,27.364166666666666,d853ba7bf3a89249
2013-05-24,8.28,d853ba7bf3a89249
2013-05-25,18.182499999999997,d853ba7bf3a89249
2013-05-26,15.803055555555556,d853ba7bf3a89249
2013-05-27,12.544166666666666,d853ba7bf3a89249
2013-05-28,15.851388888888888,d853ba7bf3a89249
2013-05-29,9.818333333333335,d853ba7bf3a89249
2013-05-30,5.075277777777778,d853ba7bf3a89249
2013-05-31,3.2427777777777775,d853ba7bf3a89249
2013-03-28,1.1513888888888888,2d18a642ead60d83
2013-03-29,2.8080555555555557,2d18a642ead60d83
2013-03-31,9.848333333333333,2d18a642ead60d83
2013-04-01,10.600555555555555,2d18a642ead60d83
2013-04-02,14.006666666666668,2d18a642ead60d83
2013-04-03,19.749166666666667,2d18a642ead60d83
2013-04-04,23.11916666666667,2d18a642ead60d83
2013-04-05,12.07388888888889,2d18a642ead60d83
2013-04-06,19.55611111111111,2d18a642ead60d83
2013-04-07,8.155,2d18a642ead60d83
2013-04-08,9.990833333333333,2d18a642ead60d83
2013-04-09,20.018333333333334,2d18a642ead60d83
2013-04-10,21.141944444444444,2d18a642ead60d83
2013-04-11,5.527777777777778,2d18a642ead60d83
2013-04-12,14.866388888888888,2d18a642ead60d83
2013-04-13,1.1677777777777778,2d18a642ead60d83
2013-04-14,18.713333333333335,2d18a642ead60d83
2013-04-15,8.36138888888889,2d18a642ead60d83
2013-04-16,6.313333333333333,2d18a642ead60d83
2013-04-17,15.477777777777778,2d18a642ead60d83
2013-04-18,1.3483333333333334,2d18a642ead60d83
2013-04-19,9.328888888888889,2d18a642ead60d83
2013-04-20,6.717499999999999,2d18a642ead60d83
2013-04-21,3.8980555555555556,2d18a642ead60d83
2013-04-22,8.316666666666666,2d18a642ead60d83
2013-04-23,8.420833333333334,2d18a642ead60d83
2013-04-24,1.8116666666666668,2d18a642ead60d83
2013-04-25,11.366666666666667,2d18a642ead60d83
2013-04-26,6.838333333333333,2d18a642ead60d83
2013-04-27,10.803888888888888,2d18a642ead60d83
2013-04-28,28.765,2d18a642ead60d83
2013-04-29,5.067777777777778,2d18a642ead60d83
2013-04-30,5.504166666666666,2d18a642ead60d83
2013-05-01,13.202222222222222,2d18a642ead60d83
2013-05-04,1.0091666666666668,2d18a642ead60d83
2013-05-05,5.961388888888889,2d18a642ead60d83
2013-05-06,6.926111111111111,2d18a642ead60d83
2013-05-10,6.809444444444445,2d18a642ead60d83
2013-05-11,1.878611111111111,2d18a642ead60d83
2013-05-12,4.146111111111111,2d18a642ead60d83
2013-05-13,8.864166666666666,2d18a642ead60d83
2013-05-14,7.771388888888889,2d18a642ead60d83
2013-05-15,7.61,2d18a642ead60d83
2013-05-16,10.345833333333333,2d18a642ead60d83
2013-05-17,13.063055555555556,2d18a642ead60d83
2013-05-18,14.723888888888888,2d18a642ead60d83
2013-05-19,7.8630555555555555,2d18a642ead60d83
2013-05-20,9.522499999999999,2d18a642ead60d83
2013-05-21,12.183611111111112,2d18a642ead60d83
2013-05-22,10.041944444444445,2d18a642ead60d83
2013-05-23,14.426944444444445,2d18a642ead60d83
2013-05-24,12.42388888888889,2d18a642ead60d83
2013-05-25,1.1566666666666667,2d18a642ead60d83
2013-05-26,2.386388888888889,2d18a642ead60d83
2013-05-27,18.712777777777777,2d18a642ead60d83
2013-05-28,3.660555555555556,2d18a642ead60d83
2013-05-29,9.213055555555556,2d18a642ead60d83
2013-03-27,19.996666666666666,70a978fcd4bde4c4
2013-03-28,19.08888888888889,70a978fcd4bde4c4
2013-03-29,17.7875,70a978fcd4bde4c4
2013-03-30,20.57611111111111,70a978fcd4bde4c4
2013-03-31,16.760833333333334,70a978fcd4bde4c4
2013-04-01,16.355833333333333,70a978fcd4bde4c4
2013-04-02,17.795,70a978fcd4bde4c4
2013-04-03,11.116944444444446,70a978fcd4bde4c4
2013-04-04,12.534444444444444,70a978fcd4bde4c4
2013-04-05,16.110555555555557,70a978fcd4bde4c4
2013-04-06,17.318333333333335,70a978fcd4bde4c4
2013-04-07,15.048333333333334,70a978fcd4bde4c4
2013-04-08,11.4225,70a978fcd4bde4c4
2013-04-09,18.02777777777778,70a978fcd4bde4c4
2013-04-10,14.467777777777778,70a978fcd4bde4c4
2013-04-11,11.501666666666665,70a978fcd4bde4c4
2013-04-12,7.501666666666667,70a978fcd4bde4c4
2013-04-13,5.483888888888888,70a978fcd4bde4c4
2013-04-14,23.301111111111112,70a978fcd4bde4c4
2013-04-15,11.4875,70a978fcd4bde4c4
2013-04-16,19.131944444444443,70a978fcd4bde4c4
2013-04-17,7.428055555555556,70a978fcd4bde4c4
2013-04-18,14.369444444444444,70a978fcd4bde4c4
2013-04-19,17.999444444444443,70a978fcd4bde4c4
2013-04-20,13.0025,70a978fcd4bde4c4
2013-04-21,11.633611111111112,70a978fcd4bde4c4
2013-04-22,12.41611111111111,70a978fcd4bde4c4
2013-04-23,18.140555555555554,70a978fcd4bde4c4
2013-04-24,15.713055555555556,70a978fcd4bde4c4
2013-04-25,5.453611111111111,70a978fcd4bde4c4
2013-04-26,14.176388888888889,70a978fcd4bde4c4
2013-04-27,5.614166666666667,70a978fcd4bde4c4
2013-04-28,17.77611111111111,70a978fcd4bde4c4
2013-04-29,8.071111111111112,70a978fcd4bde4c4
2013-04-30,1.2138888888888888,70a978fcd4bde4c4
2013-05-01,18.91138888888889,70a978fcd4bde4c4
2013-05-02,9.631666666666668,70a978fcd4bde4c4
2013-05-03,3.143611111111111,70a978fcd4bde4c4
2013-05-04,8.472777777777777,70a978fcd4bde4c4
2013-05-05,11.265,70a978fcd4bde4c4
2013-05-06,14.658333333333335,70a978fcd4bde4c4
2013-05-07,9.165,70a978fcd4bde4c4
2013-05-08,10.225277777777777,70a978fcd4bde4c4
2013-05-09,18.56888888888889,70a978fcd4bde4c4
2013-05-11,5.473611111111111,70a978fcd4bde4c4
2013-05-12,17.913888888888888,70a978fcd4bde4c4
2013-05-13,16.72138888888889,70a978fcd4bde4c4
2013-05-14,6.748333333333333,70a978fcd4bde4c4
2013-05-15,4.789166666666667,70a978fcd4bde4c4
2013-05-19,3.965,70a978fcd4bde4c4
2013-05-20,10.711388888888889,70a978fcd4bde4c4
2013-05-22,10.952777777777778,70a978fcd4bde4c4
2013-05-25,3.646111111111111,70a978fcd4bde4c4
2013-05-26,1.6977777777777778,70a978fcd4bde4c4
2013-05-27,2.033611111111111,70a978fcd4bde4c4
2013-05-28,2.7347222222222225,70a978fcd4bde4c4
2013-05-29,3.592777777777778,70a978fcd4bde4c4
2013-03-27,13.886944444444445,9ddbeaee1439194d
2013-03-28,7.325833333333334,9ddbeaee1439194d
2013-03-29,19.785555555555554,9ddbeaee1439194d
2013-03-30,5.489166666666667,9ddbeaee1439194d
2013-03-31,3.772777777777778,9ddbeaee1439194d
2013-04-03,18.95361111111111,9ddbeaee1439194d
2013-04-04,3.9325,9ddbeaee1439194d
2013-04-05,26.98305555555556,9ddbeaee1439194d
2013-04-06,15.649444444444445,9ddbeaee1439194d
2013-04-07,10.342222222222222,9ddbeaee1439194d
2013-04-08,9.0925,9ddbeaee1439194d
2013-04-09,10.936666666666667,9ddbeaee1439194d
2013-04-10,1.0102777777777778,9ddbeaee1439194d
2013-04-12,9.275277777777777,9ddbeaee1439194d
2013-04-14,1.6747222222222222,9ddbeaee1439194d
2013-04-15,6.448888888888889,9ddbeaee1439194d
2013-04-16,2.4330555555555557,9ddbeaee1439194d
2013-04-20,4.093055555555556,9ddbeaee1439194d
2013-04-22,5.3630555555555555,9ddbeaee1439194d
2013-04-28,1.6097222222222223,9ddbeaee1439194d
2013-04-29,17.004444444444445,9ddbeaee1439194d
2013-05-05,15.261666666666667,9ddbeaee1439194d
2013-05-06,2.852777777777778,9ddbeaee1439194d
2013-05-08,14.744722222222222,9ddbeaee1439194d
2013-05-13,13.828611111111112,9ddbeaee1439194d
2013-05-14,1.4644444444444444,9ddbeaee1439194d
2013-05-27,2.539722222222222,9ddbeaee1439194d
2013-05-29,1.4330555555555555,9ddbeaee1439194d
2013-03-27,14.925555555555555,ad6e3c7b08dec18b
2013-03-28,18.0925,ad6e3c7b08dec18b
2013-03-29,13.069166666666668,ad6e3c7b08dec18b
2013-03-30,9.390555555555556,ad6e3c7b08dec18b
2013-03-31,15.850833333333334,ad6e3c7b08dec18b
2013-04-01,9.328888888888889,ad6e3c7b08dec18b
2013-04-02,4.914722222222222,ad6e3c7b08dec18b
2013-04-03,2.7075,ad6e3c7b08dec18b
2013-04-04,4.097777777777778,ad6e3c7b08dec18b
2013-04-05,6.688055555555556,ad6e3c7b08dec18b
2013-04-06,3.548888888888889,ad6e3c7b08dec18b
2013-04-07,7.999722222222222,ad6e3c7b08dec18b
2013-04-08,9.685,ad6e3c7b08dec18b
2013-04-09,16.676944444444445,ad6e3c7b08dec18b
2013-04-10,8.74388888888889,ad6e3c7b08dec18b
2013-04-11,7.362222222222222,ad6e3c7b08dec18b
2013-04-12,19.703055555555554,ad6e3c7b08dec18b
2013-04-13,1.7422222222222221,ad6e3c7b08dec18b
2013-04-14,15.265833333333333,ad6e3c7b08dec18b
2013-04-15,13.6475,ad6e3c7b08dec18b
2013-04-16,19.231388888888887,ad6e3c7b08dec18b
2013-04-17,8.993611111111111,ad6e3c7b08dec18b
2013-04-18,17.489722222222223,ad6e3c7b08dec18b
2013-04-19,15.388055555555557,ad6e3c7b08dec18b
2013-04-20,16.953333333333333,ad6e3c7b08dec18b
2013-04-21,15.602777777777778,ad6e3c7b08dec18b
2013-04-22,12.101666666666667,ad6e3c7b08dec18b
2013-04-23,12.434722222222222,ad6e3c7b08dec18b
2013-04-24,6.966388888888889,ad6e3c7b08dec18b
2013-04-25,10.995277777777778,ad6e3c7b08dec18b
2013-04-26,5.7525,ad6e3c7b08dec18b
2013-04-27,6.2775,ad6e3c7b08dec18b
2013-04-28,2.2758333333333334,ad6e3c7b08dec18b
2013-04-29,15.719999999999999,ad6e3c7b08dec18b
2013-04-30,17.962222222222223,ad6e3c7b08dec18b
2013-05-01,7.626111111111111,ad6e3c7b08dec18b
2013-05-02,15.690277777777776,ad6e3c7b08dec18b
2013-05-03,12.305555555555555,ad6e3c7b08dec18b
2013-05-04,8.973888888888888,ad6e3c7b08dec18b
2013-05-05,7.567777777777778,ad6e3c7b08dec18b
2013-05-06,26.564166666666665,ad6e3c7b08dec18b
2013-05-07,4.404166666666667,ad6e3c7b08dec18b
2013-05-08,7.179166666666667,ad6e3c7b08dec18b
2013-05-09,8.918611111111112,ad6e3c7b08dec18b
2013-05-10,8.5225,ad6e3c7b08dec18b
2013-05-11,21.954722222222223,ad6e3c7b08dec18b
2013-05-12,9.271944444444443,ad6e3c7b08dec18b
2013-05-13,11.007777777777777,ad6e3c7b08dec18b
2013-05-14,13.125833333333333,ad6e3c7b08dec18b
2013-05-15,11.341666666666667,ad6e3c7b08dec18b
2013-05-16,10.960277777777778,ad6e3c7b08dec18b
2013-05-17,8.48638888888889,ad6e3c7b08dec18b
2013-05-18,11.498333333333333,ad6e3c7b08dec18b
2013-05-19,8.286666666666667,ad6e3c7b08dec18b
2013-05-20,8.684722222222222,ad6e3c7b08dec18b
2013-05-21,10.73,ad6e3c7b08dec18b
2013-05-22,14.770833333333332,ad6e3c7b08dec18b
2013-05-23,18.57472222222222,ad6e3c7b08dec18b
2013-05-24,9.62861111111111,ad6e3c7b08dec18b
2013-05-25,8.214722222222223,ad6e3c7b08dec18b
2013-05-26,8.027777777777777,ad6e3c7b08dec18b
2013-05-27,17.695833333333333,ad6e3c7b08dec18b
2013-05-28,17.45777777777778,ad6e3c7b08dec18b
2013-05-29,1.2658333333333334,ad6e3c7b08dec18b
2013-03-26,2.4605555555555556,02b34100f41b4332
2013-03-27,17.235277777777778,02b34100f41b4332
2013-03-28,11.047222222222222,02b34100f41b4332
2013-03-29,16.0775,02b34100f41b4332
2013-03-30,12.808055555555555,02b34100f41b4332
2013-03-31,24.404166666666665,02b34100f41b4332
2013-04-01,18.683611111111112,02b34100f41b4332
2013-04-02,24.0875,02b34100f41b4332
2013-04-03,23.682222222222222,02b34100f41b4332
2013-04-04,16.21611111111111,02b34100f41b4332
2013-04-05,11.449722222222222,02b34100f41b4332
2013-04-06,11.585833333333333,02b34100f41b4332
2013-04-07,12.955,02b34100f41b4332
2013-04-08,7.650277777777777,02b34100f41b4332
2013-04-09,14.415555555555555,02b34100f41b4332
2013-04-10,9.247777777777777,02b34100f41b4332
2013-04-11,21.965555555555554,02b34100f41b4332
2013-04-12,8.889722222222222,02b34100f41b4332
2013-04-13,13.546944444444444,02b34100f41b4332
2013-04-14,15.746388888888887,02b34100f41b4332
2013-04-15,10.541944444444443,02b34100f41b4332
2013-04-16,19.910833333333333,02b34100f41b4332
2013-04-17,9.839166666666667,02b34100f41b4332
2013-04-18,13.309166666666666,02b34100f41b4332
2013-04-19,11.840555555555556,02b34100f41b4332
2013-04-20,1.2547222222222223,02b34100f41b4332
2013-04-21,12.01222222222222,02b34100f41b4332
2013-04-22,13.8775,02b34100f41b4332
2013-04-23,9.041666666666668,02b34100f41b4332
2013-04-24,12.1975,02b34100f41b4332
2013-04-25,19.248333333333335,02b34100f41b4332
2013-04-26,17.759166666666665,02b34100f41b4332
2013-04-27,8.964444444444444,02b34100f41b4332
2013-04-28,14.542222222222223,02b34100f41b4332
2013-04-29,19.176388888888887,02b34100f41b4332
2013-04-30,11.302777777777777,02b34100f41b4332
2013-05-01,17.62472222222222,02b34100f41b4332
2013-05-02,6.418888888888889,02b34100f41b4332
2013-05-03,1.6505555555555556,02b34100f41b4332
2013-05-04,21.76361111111111,02b34100f41b4332
2013-05-05,22.721944444444446,02b34100f41b4332
2013-05-06,20.180833333333332,02b34100f41b4332
2013-05-07,14.095555555555556,02b34100f41b4332
2013-05-08,6.316666666666666,02b34100f41b4332
2013-05-11,20.66583333333333,02b34100f41b4332
2013-05-12,12.257222222222222,02b34100f41b4332
2013-05-13,19.561666666666667,02b34100f41b4332
2013-05-14,9.266111111111112,02b34100f41b4332
2013-05-15,22.178055555555556,02b34100f41b4332
2013-05-16,9.333055555555555,02b34100f41b4332
2013-05-17,21.014166666666664,02b34100f41b4332
2013-05-20,22.168888888888887,02b34100f41b4332
2013-05-21,7.51,02b34100f41b4332
2013-05-22,11.950277777777778,02b34100f41b4332
2013-05-23,10.105277777777777,02b34100f41b4332
2013-05-24,6.945833333333333,02b34100f41b4332
2013-05-25,4.445833333333333,02b34100f41b4332
2013-05-26,8.903333333333332,02b34100f41b4332
2013-05-28,11.305,02b34100f41b4332
2013-05-29,21.966944444444444,02b34100f41b4332
2013-05-30,5.650277777777778,02b34100f41b4332
2013-03-27,15.379166666666666,c8f5504447e51c4f
2013-03-28,21.5825,c8f5504447e51c4f
2013-03-29,12.434166666666666,c8f5504447e51c4f
2013-03-30,14.946944444444444,c8f5504447e51c4f
2013-03-31,14.405277777777776,c8f5504447e51c4f
2013-04-01,3.0308333333333337,c8f5504447e51c4f
2013-04-02,12.569166666666668,c8f5504447e51c4f
2013-04-03,27.156944444444445,c8f5504447e51c4f
2013-04-05,7.833333333333333,c8f5504447e51c4f
2013-04-06,5.048055555555555,c8f5504447e51c4f
2013-04-07,11.996111111111112,c8f5504447e51c4f
2013-04-08,6.667777777777777,c8f5504447e51c4f
2013-04-09,15.361666666666666,c8f5504447e51c4f
2013-04-10,14.064444444444444,c8f5504447e51c4f
2013-04-11,22.29,c8f5504447e51c4f
2013-04-12,13.388333333333334,c8f5504447e51c4f
2013-04-13,10.846944444444444,c8f5504447e51c4f
2013-04-14,18.70777777777778,c8f5504447e51c4f
2013-04-15,23.07111111111111,c8f5504447e51c4f
2013-04-16,23.27611111111111,c8f5504447e51c4f
2013-04-17,11.12,c8f5504447e51c4f
2013-04-18,6.8025,c8f5504447e51c4f
2013-04-19,15.713333333333335,c8f5504447e51c4f
2013-04-20,15.383333333333333,c8f5504447e51c4f
2013-04-21,5.254166666666666,c8f5504447e51c4f
2013-04-22,5.851944444444444,c8f5504447e51c4f
2013-04-23,4.643888888888889,c8f5504447e51c4f
2013-04-24,6.455,c8f5504447e51c4f
2013-04-25,8.868055555555555,c8f5504447e51c4f
2013-04-26,22.716944444444444,c8f5504447e51c4f
2013-04-27,17.934166666666666,c8f5504447e51c4f
2013-04-28,11.6175,c8f5504447e51c4f
2013-04-29,12.679166666666667,c8f5504447e51c4f
2013-04-30,1.2794444444444444,c8f5504447e51c4f
2013-05-02,6.987777777777778,c8f5504447e51c4f
2013-05-03,3.3741666666666665,c8f5504447e51c4f
2013-05-04,11.003055555555555,c8f5504447e51c4f
2013-05-05,2.1980555555555554,c8f5504447e51c4f
2013-05-07,9.742222222222221,c8f5504447e51c4f
2013-05-08,1.4122222222222223,c8f5504447e51c4f
2013-05-14,2.8327777777777774,c8f5504447e51c4f
2013-05-15,11.973333333333333,c8f5504447e51c4f
2013-05-16,16.89277777777778,c8f5504447e51c4f
2013-05-20,2.118611111111111,c8f5504447e51c4f
2013-05-23,8.151388888888889,c8f5504447e51c4f
2013-05-24,1.0541666666666667,c8f5504447e51c4f
2013-05-25,18.32888888888889,c8f5504447e51c4f
2013-05-26,9.16611111111111,c8f5504447e51c4f
2013-05-27,15.48861111111111,c8f5504447e51c4f
2013-05-29,2.7408333333333332,c8f5504447e51c4f
2013-03-26,8.935277777777777,83e512f8e224d35c
2013-03-27,1.3219444444444444,83e512f8e224d35c
2013-03-28,11.438055555555556,83e512f8e224d35c
2013-03-29,12.619722222222222,83e512f8e224d35c
2013-04-01,18.3925,83e512f8e224d35c
2013-04-02,14.679444444444444,83e512f8e224d35c
2013-04-03,3.7047222222222222,83e512f8e224d35c
2013-04-04,12.356111111111112,83e512f8e224d35c
2013-04-05,13.562777777777779,83e512f8e224d35c
2013-04-06,5.261666666666667,83e512f8e224d35c
2013-04-07,11.448611111111111,83e512f8e224d35c
2013-04-08,13.9525,83e512f8e224d35c
2013-04-09,9.20138888888889,83e512f8e224d35c
2013-04-10,13.514722222222222,83e512f8e224d35c
2013-04-11,12.157222222222222,83e512f8e224d35c
2013-04-12,15.803333333333335,83e512f8e224d35c
2013-04-13,3.6961111111111116,83e512f8e224d35c
2013-04-14,13.435,83e512f8e224d35c
2013-04-15,16.497777777777777,83e512f8e224d35c
2013-04-16,12.660833333333333,83e512f8e224d35c
2013-04-17,12.636944444444444,83e512f8e224d35c
2013-04-18,9.246944444444445,83e512f8e224d35c
2013-04-19,19.598333333333333,83e512f8e224d35c
2013-04-21,18.232222222222223,83e512f8e224d35c
2013-04-22,7.5905555555555555,83e512f8e224d35c
2013-04-23,20.677500000000002,83e512f8e224d35c
2013-04-24,10.114166666666668,83e512f8e224d35c
2013-04-25,9.015277777777778,83e512f8e224d35c
2013-04-26,9.955555555555556,83e512f8e224d35c
2013-04-27,16.066388888888888,83e512f8e224d35c
2013-04-28,11.579444444444444,83e512f8e224d35c
2013-04-29,12.829444444444444,83e512f8e224d35c
2013-04-30,16.956666666666667,83e512f8e224d35c
2013-05-01,19.189444444444444,83e512f8e224d35c
2013-05-02,12.138055555555555,83e512f8e224d35c
2013-05-03,19.27388888888889,83e512f8e224d35c
2013-05-04,16.02527777777778,83e512f8e224d35c
2013-05-05,19.603611111111114,83e512f8e224d35c
2013-05-06,4.116388888888889,83e512f8e224d35c
2013-05-07,12.280833333333334,83e512f8e224d35c
2013-05-08,18.122222222222224,83e512f8e224d35c
2013-05-09,22.05777777777778,83e512f8e224d35c
2013-05-10,17.060555555555553,83e512f8e224d35c
2013-05-11,4.899166666666667,83e512f8e224d35c
2013-05-12,11.646944444444443,83e512f8e224d35c
2013-05-13,12.7375,83e512f8e224d35c
2013-05-14,15.775833333333333,83e512f8e224d35c
2013-05-15,11.894166666666667,83e512f8e224d35c
2013-05-16,8.971111111111112,83e512f8e224d35c
2013-05-17,10.388055555555557,83e512f8e224d35c
2013-05-18,18.33972222222222,83e512f8e224d35c
2013-05-19,11.137500000000001,83e512f8e224d35c
2013-05-20,13.682777777777778,83e512f8e224d35c
2013-05-21,11.013055555555555,83e512f8e224d35c
2013-05-22,11.3475,83e512f8e224d35c
2013-05-23,14.2825,83e512f8e224d35c
2013-05-24,15.431111111111111,83e512f8e224d35c
2013-05-25,12.466944444444444,83e512f8e224d35c
2013-05-26,10.084999999999999,83e512f8e224d35c
2013-05-27,12.119166666666667,83e512f8e224d35c
2013-05-28,17.039166666666667,83e512f8e224d35c
2013-05-29,1.515,83e512f8e224d35c
2013-05-30,13.528611111111111,83e512f8e224d35c
2013-05-31,4.941944444444445,83e512f8e224d35c
2013-03-27,7.270277777777778,94e6b5a99aff8556
2013-03-28,20.41638888888889,94e6b5a99aff8556
2013-03-31,1.0791666666666666,94e6b5a99aff8556
2013-04-01,13.589722222222223,94e6b5a99aff8556
2013-04-02,19.211111111111112,94e6b5a99aff8556
2013-04-03,7.303055555555556,94e6b5a99aff8556
2013-04-04,19.758055555555554,94e6b5a99aff8556
2013-04-06,1.378611111111111,94e6b5a99aff8556
2013-04-07,5.525277777777778,94e6b5a99aff8556
2013-04-08,23.014444444444443,94e6b5a99aff8556
2013-04-09,4.927222222222222,94e6b5a99aff8556
2013-04-10,7.086111111111112,94e6b5a99aff8556
2013-04-11,8.591666666666667,94e6b5a99aff8556
2013-04-12,14.935555555555556,94e6b5a99aff8556
2013-04-13,18.387777777777778,94e6b5a99aff8556
2013-04-20,6.594166666666666,94e6b5a99aff8556
2013-04-21,11.641111111111112,94e6b5a99aff8556
2013-04-22,14.223888888888888,94e6b5a99aff8556
2013-04-23,10.479444444444445,94e6b5a99aff8556
2013-04-24,3.2325,94e6b5a99aff8556
2013-04-25,19.261388888888888,94e6b5a99aff8556
2013-04-26,6.249444444444444,94e6b5a99aff8556
2013-04-27,7.6425,94e6b5a99aff8556
2013-04-28,4.918055555555556,94e6b5a99aff8556
2013-04-29,10.655555555555555,94e6b5a99aff8556
2013-05-04,5.646111111111111,94e6b5a99aff8556
2013-05-05,8.385833333333334,94e6b5a99aff8556
2013-05-06,8.981944444444444,94e6b5a99aff8556
2013-05-10,12.304722222222223,94e6b5a99aff8556
2013-05-12,3.2197222222222224,94e6b5a99aff8556
2013-05-13,7.5969444444444445,94e6b5a99aff8556
2013-05-14,17.272777777777776,94e6b5a99aff8556
2013-05-15,7.855555555555556,94e6b5a99aff8556
2013-05-16,9.346111111111112,94e6b5a99aff8556
2013-05-17,9.726944444444445,94e6b5a99aff8556
2013-05-19,11.448888888888888,94e6b5a99aff8556
2013-05-20,13.352777777777778,94e6b5a99aff8556
2013-03-26,1.278888888888889,7d68780d2921e43a
2013-03-27,20.361944444444447,7d68780d2921e43a
2013-03-28,19.231944444444444,7d68780d2921e43a
2013-03-29,17.924722222222222,7d68780d2921e43a
2013-03-30,12.393888888888888,7d68780d2921e43a
2013-03-31,18.866666666666667,7d68780d2921e43a
2013-04-01,20.300555555555555,7d68780d2921e43a
2013-04-02,5.132499999999999,7d68780d2921e43a
2013-04-03,15.787222222222221,7d68780d2921e43a
2013-04-04,2.143888888888889,7d68780d2921e43a
2013-04-05,17.426944444444445,7d68780d2921e43a
2013-04-06,15.665555555555555,7d68780d2921e43a
2013-04-07,4.223888888888888,7d68780d2921e43a
2013-04-08,16.61861111111111,7d68780d2921e43a
2013-04-09,5.850555555555555,7d68780d2921e43a
2013-04-10,13.784166666666668,7d68780d2921e43a
2013-04-11,15.474444444444446,7d68780d2921e43a
2013-04-12,18.90888888888889,7d68780d2921e43a
2013-04-13,11.968055555555555,7d68780d2921e43a
2013-04-14,8.454444444444444,7d68780d2921e43a
2013-04-15,5.300277777777778,7d68780d2921e43a
2013-04-16,9.270833333333332,7d68780d2921e43a
2013-04-17,20.41777777777778,7d68780d2921e43a
2013-04-18,20.272222222222222,7d68780d2921e43a
2013-04-19,12.456111111111111,7d68780d2921e43a
2013-04-20,9.253888888888888,7d68780d2921e43a
2013-04-21,9.868333333333332,7d68780d2921e43a
2013-04-22,11.897222222222222,7d68780d2921e43a
2013-04-23,6.455555555555556,7d68780d2921e43a
2013-04-24,17.705277777777777,7d68780d2921e43a
2013-04-28,11.924722222222222,7d68780d2921e43a
2013-05-03,1.653888888888889,7d68780d2921e43a
2013-05-04,1.9775,7d68780d2921e43a
2013-05-05,8.722222222222221,7d68780d2921e43a
2013-05-06,14.588888888888889,7d68780d2921e43a
2013-05-07,10.370555555555555,7d68780d2921e43a
2013-05-08,19.596944444444443,7d68780d2921e43a
2013-05-09,19.85611111111111,7d68780d2921e43a
2013-05-10,17.762777777777778,7d68780d2921e43a
2013-05-11,18.571944444444444,7d68780d2921e43a
2013-05-12,9.061666666666667,7d68780d2921e43a
2013-05-13,20.355555555555554,7d68780d2921e43a
2013-05-14,9.8625,7d68780d2921e43a
2013-05-15,8.458333333333332,7d68780d2921e43a
2013-05-16,12.946944444444444,7d68780d2921e43a
2013-05-17,8.521666666666667,7d68780d2921e43a
2013-05-18,4.3100000000000005,7d68780d2921e43a
2013-05-19,1.1597222222222223,7d68780d2921e43a
2013-05-20,6.745833333333334,7d68780d2921e43a
2013-05-21,9.510277777777777,7d68780d2921e43a
2013-05-22,9.550555555555556,7d68780d2921e43a
2013-05-23,14.79888888888889,7d68780d2921e43a
2013-05-24,21.01638888888889,7d68780d2921e43a
2013-05-27,19.345,7d68780d2921e43a
2013-05-28,15.799166666666666,7d68780d2921e43a
2013-05-30,13.580555555555556,7d68780d2921e43a
2013-05-31,2.5955555555555554,7d68780d2921e43a
2013-03-27,4.016666666666667,6ff3c3fb859bc4e6
2013-03-28,10.311944444444444,6ff3c3fb859bc4e6
2013-03-29,11.295555555555556,6ff3c3fb859bc4e6
2013-03-30,16.066111111111113,6ff3c3fb859bc4e6
2013-03-31,7.264166666666667,6ff3c3fb859bc4e6
2013-04-01,14.580555555555556,6ff3c3fb859bc4e6
2013-04-02,7.235555555555555,6ff3c3fb859bc4e6
2013-04-03,19.673055555555557,6ff3c3fb859bc4e6
2013-04-04,8.715555555555556,6ff3c3fb859bc4e6
2013-04-05,16.36916666666667,6ff3c3fb859bc4e6
2013-04-06,7.579444444444444,6ff3c3fb859bc4e6
2013-04-07,10.875555555555556,6ff3c3fb859bc4e6
2013-04-08,15.739444444444445,6ff3c3fb859bc4e6
2013-04-09,11.590277777777779,6ff3c3fb859bc4e6
2013-04-10,8.827222222222222,6ff3c3fb859bc4e6
2013-04-11,10.1725,6ff3c3fb859bc4e6
2013-04-12,5.540277777777778,6ff3c3fb859bc4e6
2013-04-13,10.752777777777776,6ff3c3fb859bc4e6
2013-04-14,10.05,6ff3c3fb859bc4e6
2013-04-15,2.423611111111111,6ff3c3fb859bc4e6
2013-04-16,17.891666666666666,6ff3c3fb859bc4e6
2013-04-17,14.84388888888889,6ff3c3fb859bc4e6
2013-04-18,10.30638888888889,6ff3c3fb859bc4e6
2013-04-19,11.534722222222221,6ff3c3fb859bc4e6
2013-04-20,15.539444444444445,6ff3c3fb859bc4e6
2013-04-21,8.242777777777778,6ff3c3fb859bc4e6
2013-04-22,8.70277777777778,6ff3c3fb859bc4e6
2013-04-23,14.055555555555555,6ff3c3fb859bc4e6
2013-04-24,8.425277777777778,6ff3c3fb859bc4e6
2013-04-25,9.531944444444445,6ff3c3fb859bc4e6
2013-04-26,8.515277777777778,6ff3c3fb859bc4e6
2013-04-27,10.551944444444445,6ff3c3fb859bc4e6
2013-04-28,7.185833333333333,6ff3c3fb859bc4e6
2013-04-29,11.1975,6ff3c3fb859bc4e6
2013-04-30,11.83611111111111,6ff3c3fb859bc4e6
2013-05-01,8.246666666666666,6ff3c3fb859bc4e6
2013-05-02,10.391666666666667,6ff3c3fb859bc4e6
2013-05-03,11.986944444444445,6ff3c3fb859bc4e6
2013-05-04,7.267777777777778,6ff3c3fb859bc4e6
2013-05-05,11.15861111111111,6ff3c3fb859bc4e6
2013-05-06,7.323611111111111,6ff3c3fb859bc4e6
2013-05-07,12.289166666666667,6ff3c3fb859bc4e6
2013-05-08,11.18888888888889,6ff3c3fb859bc4e6
2013-05-09,8.079722222222223,6ff3c3fb859bc4e6
2013-05-10,7.4675,6ff3c3fb859bc4e6
2013-05-11,9.953888888888889,6ff3c3fb859bc4e6
2013-05-12,14.750277777777779,6ff3c3fb859bc4e6
2013-05-13,14.452222222222222,6ff3c3fb859bc4e6
2013-05-14,13.895833333333334,6ff3c3fb859bc4e6
2013-05-15,6.849722222222223,6ff3c3fb859bc4e6
2013-05-16,13.268055555555556,6ff3c3fb859bc4e6
2013-05-17,10.91,6ff3c3fb859bc4e6
2013-05-18,20.286944444444444,6ff3c3fb859bc4e6
2013-05-19,11.700833333333334,6ff3c3fb859bc4e6
2013-05-20,8.285277777777779,6ff3c3fb859bc4e6
2013-05-21,9.836666666666666,6ff3c3fb859bc4e6
2013-05-22,6.744166666666667,6ff3c3fb859bc4e6
2013-05-23,4.0408333333333335,6ff3c3fb859bc4e6
2013-03-27,1.3133333333333332,24a62f53b639939c
2013-03-28,7.909166666666667,24a62f53b639939c
2013-03-29,17.420277777777777,24a62f53b639939c
2013-03-30,19.11638888888889,24a62f53b639939c
2013-03-31,18.81861111111111,24a62f53b639939c
2013-04-01,25.15361111111111,24a62f53b639939c
2013-04-02,15.785833333333333,24a62f53b639939c
2013-04-03,20.154166666666665,24a62f53b639939c
2013-04-04,6.908055555555555,24a62f53b639939c
2013-04-05,22.141944444444444,24a62f53b639939c
2013-04-08,17.49277777777778,24a62f53b639939c
2013-04-09,11.511944444444445,24a62f53b639939c
2013-04-10,4.1338888888888885,24a62f53b639939c
2013-04-11,10.773333333333333,24a62f53b639939c
2013-04-12,11.866388888888888,24a62f53b639939c
2013-04-13,14.544166666666667,24a62f53b639939c
2013-04-14,12.175833333333335,24a62f53b639939c
2013-04-15,15.429166666666667,24a62f53b639939c
2013-04-16,11.058055555555555,24a62f53b639939c
2013-04-17,13.602777777777778,24a62f53b639939c
2013-04-18,15.478055555555557,24a62f53b639939c
2013-04-19,10.094444444444445,24a62f53b639939c
2013-04-20,3.4894444444444446,24a62f53b639939c
2013-04-21,13.285555555555556,24a62f53b639939c
2013-04-22,8.222777777777779,24a62f53b639939c
2013-04-23,11.954166666666666,24a62f53b639939c
2013-04-24,17.749722222222225,24a62f53b639939c
2013-04-25,10.729722222222222,24a62f53b639939c
2013-04-26,14.129444444444445,24a62f53b639939c
2013-04-27,6.051666666666667,24a62f53b639939c
2013-03-27,5.109166666666667,640c2e12f2e99593
2013-03-28,9.111666666666666,640c2e12f2e99593
2013-03-29,17.87611111111111,640c2e12f2e99593
2013-03-30,11.61,640c2e12f2e99593
2013-03-31,24.214444444444446,640c2e12f2e99593
2013-04-01,10.681944444444444,640c2e12f2e99593
2013-04-02,23.310833333333335,640c2e12f2e99593
2013-04-03,8.706388888888888,640c2e12f2e99593
2013-04-04,12.007222222222222,640c2e12f2e99593
2013-04-05,12.56,640c2e12f2e99593
2013-04-07,4.782777777777778,640c2e12f2e99593
2013-04-08,15.747222222222224,640c2e12f2e99593
2013-04-09,9.356944444444444,640c2e12f2e99593
2013-04-10,13.248888888888889,640c2e12f2e99593
2013-04-11,9.191666666666666,640c2e12f2e99593
2013-04-12,4.442222222222222,640c2e12f2e99593
2013-04-13,6.834444444444444,640c2e12f2e99593
2013-04-14,3.703333333333333,640c2e12f2e99593
2013-04-15,7.1625,640c2e12f2e99593
2013-04-16,2.312222222222222,640c2e12f2e99593
2013-04-17,5.437777777777778,640c2e12f2e99593
2013-04-18,16.0825,640c2e12f2e99593
2013-04-19,17.36611111111111,640c2e12f2e99593
2013-04-20,16.55638888888889,640c2e12f2e99593
2013-04-21,13.2475,640c2e12f2e99593
2013-04-22,17.064999999999998,640c2e12f2e99593
2013-04-23,11.209166666666667,640c2e12f2e99593
2013-04-26,11.164444444444445,640c2e12f2e99593
2013-04-29,8.610277777777778,640c2e12f2e99593
2013-05-03,1.783611111111111,640c2e12f2e99593
2013-05-24,4.643055555555556,640c2e12f2e99593
2013-05-26,1.2508333333333332,640c2e12f2e99593
2013-05-28,9.159722222222221,640c2e12f2e99593
2013-05-29,1.3508333333333333,640c2e12f2e99593
2013-03-27,2.4766666666666666,04e98184146d8c31
2013-03-28,4.829166666666667,04e98184146d8c31
2013-03-29,18.012777777777778,04e98184146d8c31
2013-03-31,3.372777777777778,04e98184146d8c31
2013-04-01,10.029444444444444,04e98184146d8c31
2013-04-02,13.59888888888889,04e98184146d8c31
2013-04-03,10.639722222222222,04e98184146d8c31
2013-04-04,3.615277777777778,04e98184146d8c31
2013-04-05,8.445555555555554,04e98184146d8c31
2013-04-06,14.162777777777778,04e98184146d8c31
2013-04-07,8.318333333333333,04e98184146d8c31
2013-04-08,5.151111111111112,04e98184146d8c31
2013-04-10,10.15,04e98184146d8c31
2013-04-11,7.045,04e98184146d8c31
2013-04-12,13.141111111111112,04e98184146d8c31
2013-04-13,8.004166666666666,04e98184146d8c31
2013-04-14,1.0075,04e98184146d8c31
2013-04-15,6.549444444444444,04e98184146d8c31
2013-04-16,12.080833333333334,04e98184146d8c31
2013-04-17,11.816666666666666,04e98184146d8c31
2013-04-18,13.397222222222222,04e98184146d8c31
2013-04-19,10.188055555555556,04e98184146d8c31
2013-04-20,4.381111111111111,04e98184146d8c31
2013-04-21,1.2416666666666667,04e98184146d8c31
2013-04-22,6.252222222222223,04e98184146d8c31
2013-04-24,2.2375,04e98184146d8c31
2013-04-25,7.2775,04e98184146d8c31
2013-04-26,12.23,04e98184146d8c31
2013-04-27,1.6483333333333334,04e98184146d8c31
2013-04-29,2.9730555555555553,04e98184146d8c31
2013-04-30,2.9058333333333333,04e98184146d8c31
2013-05-01,14.341666666666667,04e98184146d8c31
2013-05-02,12.214166666666667,04e98184146d8c31
2013-05-03,5.658333333333333,04e98184146d8c31
2013-05-04,7.151944444444445,04e98184146d8c31
2013-05-05,1.0130555555555556,04e98184146d8c31
2013-05-06,4.940277777777778,04e98184146d8c31
2013-05-07,11.766388888888889,04e98184146d8c31
2013-05-08,7.597222222222222,04e98184146d8c31
2013-05-09,14.627500000000001,04e98184146d8c31
2013-05-10,7.946944444444444,04e98184146d8c31
2013-05-11,7.895277777777777,04e98184146d8c31
2013-05-12,14.23111111111111,04e98184146d8c31
2013-05-13,5.4191666666666665,04e98184146d8c31
2013-05-14,4.607777777777778,04e98184146d8c31
2013-05-15,10.321666666666667,04e98184146d8c31
2013-05-16,2.662777777777778,04e98184146d8c31
2013-05-18,2.1902777777777778,04e98184146d8c31
2013-05-19,7.989166666666667,04e98184146d8c31
2013-05-20,8.8825,04e98184146d8c31
2013-05-21,8.182222222222222,04e98184146d8c31
2013-05-22,8.455555555555556,04e98184146d8c31
2013-05-24,9.353333333333333,04e98184146d8c31
2013-05-26,8.916666666666666,04e98184146d8c31
2013-05-27,1.2847222222222223,04e98184146d8c31
2013-05-28,8.976666666666667,04e98184146d8c31
2013-05-29,11.4225,04e98184146d8c31
2013-05-31,5.473888888888889,04e98184146d8c31
2013-03-27,1.178611111111111,7ed0af9eea8919f3
2013-03-28,21.980833333333337,7ed0af9eea8919f3
2013-03-29,2.3488888888888892,7ed0af9eea8919f3
2013-03-30,17.25611111111111,7ed0af9eea8919f3
2013-03-31,18.22222222222222,7ed0af9eea8919f3
2013-04-01,15.556111111111111,7ed0af9eea8919f3
2013-04-02,18.363055555555555,7ed0af9eea8919f3
2013-04-03,21.019722222222224,7ed0af9eea8919f3
2013-04-04,28.09583333333333,7ed0af9eea8919f3
2013-04-05,14.154166666666667,7ed0af9eea8919f3
2013-04-06,16.1525,7ed0af9eea8919f3
2013-04-07,23.81111111111111,7ed0af9eea8919f3
2013-04-08,15.561666666666667,7ed0af9eea8919f3
2013-04-09,20.09138888888889,7ed0af9eea8919f3
2013-04-10,23.743055555555557,7ed0af9eea8919f3
2013-04-11,12.057222222222222,7ed0af9eea8919f3
2013-04-12,17.580833333333334,7ed0af9eea8919f3
2013-04-13,20.767222222222223,7ed0af9eea8919f3
2013-04-14,21.498333333333335,7ed0af9eea8919f3
2013-04-15,14.059444444444445,7ed0af9eea8919f3
2013-04-16,19.768333333333334,7ed0af9eea8919f3
2013-04-17,26.734444444444442,7ed0af9eea8919f3
2013-04-18,27.22972222222222,7ed0af9eea8919f3
2013-04-19,15.959722222222222,7ed0af9eea8919f3
2013-04-20,17.79888888888889,7ed0af9eea8919f3
2013-04-21,29.94638888888889,7ed0af9eea8919f3
2013-04-22,4.545833333333333,7ed0af9eea8919f3
2013-04-23,3.7311111111111113,7ed0af9eea8919f3
2013-04-24,16.935277777777777,7ed0af9eea8919f3
2013-04-25,4.203333333333333,7ed0af9eea8919f3
2013-04-26,15.910555555555554,7ed0af9eea8919f3
2013-04-27,18.979166666666668,7ed0af9eea8919f3
2013-04-28,20.76972222222222,7ed0af9eea8919f3
2013-04-29,13.062222222222223,7ed0af9eea8919f3
2013-04-30,7.4255555555555555,7ed0af9eea8919f3
2013-05-01,17.919444444444444,7ed0af9eea8919f3
2013-05-02,3.513333333333333,7ed0af9eea8919f3
2013-05-03,17.622777777777777,7ed0af9eea8919f3
2013-05-05,4.562777777777778,7ed0af9eea8919f3
2013-05-06,12.589444444444444,7ed0af9eea8919f3
2013-05-07,8.437777777777779,7ed0af9eea8919f3
2013-05-08,12.336944444444445,7ed0af9eea8919f3
2013-05-09,8.378055555555555,7ed0af9eea8919f3
2013-05-10,5.603055555555556,7ed0af9eea8919f3
2013-05-11,5.97,7ed0af9eea8919f3
2013-05-12,18.740555555555556,7ed0af9eea8919f3
2013-05-13,13.511666666666667,7ed0af9eea8919f3
2013-05-14,7.993611111111111,7ed0af9eea8919f3
2013-05-15,18.25861111111111,7ed0af9eea8919f3
2013-05-19,1.1891666666666667,7ed0af9eea8919f3
2013-05-20,1.2952777777777778,7ed0af9eea8919f3
2013-05-21,10.108333333333334,7ed0af9eea8919f3
2013-05-22,13.564444444444444,7ed0af9eea8919f3
2013-05-23,11.453055555555556,7ed0af9eea8919f3
2013-05-24,11.706388888888888,7ed0af9eea8919f3
2013-05-25,14.099722222222223,7ed0af9eea8919f3
2013-05-26,12.831944444444444,7ed0af9eea8919f3
2013-05-28,17.150277777777777,7ed0af9eea8919f3
2013-05-29,4.283055555555555,7ed0af9eea8919f3
2013-05-30,18.824722222222224,7ed0af9eea8919f3
2013-05-31,21.48111111111111,7ed0af9eea8919f3
2013-03-27,5.4025,047dd3752ee95148
2013-03-28,4.232222222222222,047dd3752ee95148
2013-03-29,10.308888888888887,047dd3752ee95148
2013-03-30,7.177222222222222,047dd3752ee95148
2013-03-31,5.618333333333333,047dd3752ee95148
2013-04-01,9.838888888888889,047dd3752ee95148
2013-04-03,11.511111111111111,047dd3752ee95148
2013-04-04,2.468611111111111,047dd3752ee95148
2013-04-05,6.8,047dd3752ee95148
2013-04-06,10.018611111111111,047dd3752ee95148
2013-04-07,2.4452777777777777,047dd3752ee95148
2013-04-08,5.681388888888889,047dd3752ee95148
2013-04-09,2.6005555555555557,047dd3752ee95148
2013-04-10,4.539166666666667,047dd3752ee95148
2013-04-11,4.738333333333333,047dd3752ee95148
2013-04-12,6.719444444444444,047dd3752ee95148
2013-04-13,9.89,047dd3752ee95148
2013-04-14,6.879444444444445,047dd3752ee95148
2013-04-15,5.5552777777777775,047dd3752ee95148
2013-04-16,5.314722222222222,047dd3752ee95148
2013-04-17,2.8580555555555556,047dd3752ee95148
2013-04-18,5.167222222222222,047dd3752ee95148
2013-04-19,3.7333333333333334,047dd3752ee95148
2013-04-20,1.95,047dd3752ee95148
2013-04-21,4.436388888888889,047dd3752ee95148
2013-04-22,4.705277777777778,047dd3752ee95148
2013-04-23,7.65,047dd3752ee95148
2013-04-24,13.776388888888889,047dd3752ee95148
2013-04-25,3.674722222222222,047dd3752ee95148
2013-04-26,5.805,047dd3752ee95148
2013-04-27,15.904722222222222,047dd3752ee95148
2013-04-28,8.531666666666666,047dd3752ee95148
2013-04-29,4.100277777777778,047dd3752ee95148
2013-04-30,3.930277777777778,047dd3752ee95148
2013-05-01,10.80861111111111,047dd3752ee95148
2013-05-02,8.872777777777777,047dd3752ee95148
2013-05-03,5.921944444444444,047dd3752ee95148
2013-05-04,19.43166666666667,047dd3752ee95148
2013-05-05,18.04611111111111,047dd3752ee95148
2013-05-06,3.245833333333333,047dd3752ee95148
2013-05-07,1.2097222222222221,047dd3752ee95148
2013-05-08,11.158055555555556,047dd3752ee95148
2013-05-09,1.7255555555555555,047dd3752ee95148
2013-05-10,12.374166666666667,047dd3752ee95148
2013-05-11,10.418055555555556,047dd3752ee95148
2013-05-12,6.9399999999999995,047dd3752ee95148
2013-05-13,1.3255555555555556,047dd3752ee95148
2013-05-15,9.753333333333334,047dd3752ee95148
2013-05-16,6.176666666666667,047dd3752ee95148
2013-05-17,14.836666666666666,047dd3752ee95148
2013-05-18,6.454444444444444,047dd3752ee95148
2013-05-19,16.389166666666668,047dd3752ee95148
2013-05-20,9.841944444444444,047dd3752ee95148
2013-05-21,11.715277777777777,047dd3752ee95148
2013-05-22,3.7980555555555555,047dd3752ee95148
2013-05-23,8.567222222222222,047dd3752ee95148
2013-05-24,1.011388888888889,047dd3752ee95148
2013-05-25,5.586111111111111,047dd3752ee95148
2013-05-26,11.745000000000001,047dd3752ee95148
2013-05-27,3.1725,047dd3752ee95148
2013-05-28,4.180555555555555,047dd3752ee95148
2013-05-29,1.7738888888888888,047dd3752ee95148
2013-05-30,8.643888888888888,047dd3752ee95148
2013-05-31,1.7822222222222222,047dd3752ee95148
2013-03-27,8.045833333333334,b8f706e7df594c66
2013-03-28,16.439722222222223,b8f706e7df594c66
2013-03-29,20.997777777777777,b8f706e7df594c66
2013-03-30,19.8325,b8f706e7df594c66
2013-03-31,19.42388888888889,b8f706e7df594c66
2013-04-01,6.334444444444444,b8f706e7df594c66
2013-04-02,7.357777777777778,b8f706e7df594c66
2013-04-03,18.608055555555556,b8f706e7df594c66
2013-04-04,14.465833333333334,b8f706e7df594c66
2013-04-05,14.918888888888889,b8f706e7df594c66
2013-04-06,12.986666666666666,b8f706e7df594c66
2013-04-07,1.0116666666666667,b8f706e7df594c66
2013-04-08,20.081944444444446,b8f706e7df594c66
2013-04-09,13.708055555555557,b8f706e7df594c66
2013-04-10,17.237222222222222,b8f706e7df594c66
2013-04-11,20.29611111111111,b8f706e7df594c66
2013-04-12,16.579166666666666,b8f706e7df594c66
2013-04-13,12.947222222222223,b8f706e7df594c66
2013-04-17,8.35138888888889,b8f706e7df594c66
2013-04-18,21.48777777777778,b8f706e7df594c66
2013-04-19,19.273888888888887,b8f706e7df594c66
2013-04-20,18.969444444444445,b8f706e7df594c66
2013-04-21,11.033055555555556,b8f706e7df594c66
2013-04-22,17.89777777777778,b8f706e7df594c66
2013-04-23,16.163333333333334,b8f706e7df594c66
2013-04-24,14.446944444444444,b8f706e7df594c66
2013-04-25,16.54388888888889,b8f706e7df594c66
2013-04-26,11.827222222222222,b8f706e7df594c66
2013-04-27,14.678333333333335,b8f706e7df594c66
2013-04-28,3.724722222222222,b8f706e7df594c66
2013-04-29,9.843055555555555,b8f706e7df594c66
2013-04-30,17.13888888888889,b8f706e7df594c66
2013-05-01,12.764999999999999,b8f706e7df594c66
2013-05-02,18.378888888888888,b8f706e7df594c66
2013-05-03,8.798055555555557,b8f706e7df594c66
2013-05-06,17.24416666666667,b8f706e7df594c66
2013-05-07,18.76638888888889,b8f706e7df594c66
2013-05-08,20.970277777777778,b8f706e7df594c66
2013-05-09,24.108888888888888,b8f706e7df594c66
2013-05-10,22.31111111111111,b8f706e7df594c66
2013-05-11,13.223888888888888,b8f706e7df594c66
2013-05-12,2.8769444444444443,b8f706e7df594c66
2013-05-13,6.168888888888889,b8f706e7df594c66
2013-05-14,9.609166666666667,b8f706e7df594c66
2013-05-15,13.373888888888889,b8f706e7df594c66
2013-05-16,12.671111111111111,b8f706e7df594c66
2013-05-17,16.62472222222222,b8f706e7df594c66
2013-05-19,16.79416666666667,b8f706e7df594c66
2013-05-20,13.035555555555558,b8f706e7df594c66
2013-05-21,13.73638888888889,b8f706e7df594c66
2013-05-22,17.424444444444447,b8f706e7df594c66
2013-05-23,16.710277777777776,b8f706e7df594c66
2013-05-24,1.646111111111111,b8f706e7df594c66
2013-05-25,1.206388888888889,b8f706e7df594c66
2013-05-26,6.343333333333334,b8f706e7df594c66
2013-05-27,3.2236111111111114,b8f706e7df594c66
2013-05-28,3.280555555555556,b8f706e7df594c66
2013-05-29,8.738888888888889,b8f706e7df594c66
2013-05-30,4.805833333333334,b8f706e7df594c66
2013-05-31,21.696666666666665,b8f706e7df594c66
2013-03-28,10.472222222222221,c053adfef70960b7
2013-03-29,10.317222222222222,c053adfef70960b7
2013-03-30,16.58,c053adfef70960b7
2013-03-31,12.812222222222223,c053adfef70960b7
2013-04-01,12.605,c053adfef70960b7
2013-04-02,14.234444444444446,c053adfef70960b7
2013-04-03,13.8825,c053adfef70960b7
2013-04-04,11.157499999999999,c053adfef70960b7
2013-04-05,12.533888888888889,c053adfef70960b7
2013-04-07,10.463888888888889,c053adfef70960b7
2013-04-08,10.43138888888889,c053adfef70960b7
2013-04-09,10.857777777777779,c053adfef70960b7
2013-04-10,6.405833333333334,c053adfef70960b7
2013-04-11,10.920833333333334,c053adfef70960b7
2013-04-12,9.769166666666667,c053adfef70960b7
2013-04-13,13.076944444444445,c053adfef70960b7
2013-04-14,10.717500000000001,c053adfef70960b7
2013-04-15,4.9591666666666665,c053adfef70960b7
2013-04-16,3.5758333333333336,c053adfef70960b7
2013-04-17,6.95,c053adfef70960b7
2013-04-18,14.5075,c053adfef70960b7
2013-04-19,6.276666666666666,c053adfef70960b7
2013-04-20,4.5488888888888885,c053adfef70960b7
2013-04-21,12.644444444444444,c053adfef70960b7
2013-04-22,7.713888888888889,c053adfef70960b7
2013-04-23,1.8544444444444443,c053adfef70960b7
2013-04-24,10.797500000000001,c053adfef70960b7
2013-04-25,11.665555555555555,c053adfef70960b7
2013-04-26,4.377777777777777,c053adfef70960b7
2013-04-27,6.3025,c053adfef70960b7
2013-04-28,9.692222222222222,c053adfef70960b7
2013-04-29,11.279444444444444,c053adfef70960b7
2013-04-30,5.205,c053adfef70960b7
2013-05-01,9.262777777777778,c053adfef70960b7
2013-05-02,11.69611111111111,c053adfef70960b7
2013-05-03,8.551666666666666,c053adfef70960b7
2013-05-04,9.775277777777777,c053adfef70960b7
2013-05-05,11.619444444444444,c053adfef70960b7
2013-05-06,12.683055555555555,c053adfef70960b7
2013-05-07,10.491388888888888,c053adfef70960b7
2013-05-08,11.606666666666667,c053adfef70960b7
2013-05-09,5.516944444444444,c053adfef70960b7
2013-05-10,13.384444444444444,c053adfef70960b7
2013-05-11,18.45888888888889,c053adfef70960b7
2013-05-12,25.704444444444444,c053adfef70960b7
2013-05-13,10.411944444444444,c053adfef70960b7
2013-05-14,16.758055555555554,c053adfef70960b7
2013-05-15,17.130277777777778,c053adfef70960b7
2013-05-16,9.384444444444444,c053adfef70960b7
2013-05-17,9.431666666666667,c053adfef70960b7
2013-05-29,2.1725,c053adfef70960b7
2013-03-27,3.738611111111111,afc0179f4807c4d1
2013-03-28,9.901666666666667,afc0179f4807c4d1
2013-03-31,13.506388888888889,afc0179f4807c4d1
2013-04-01,17.870555555555555,afc0179f4807c4d1
2013-04-02,16.13527777777778,afc0179f4807c4d1
2013-04-03,7.546944444444445,afc0179f4807c4d1
2013-04-04,6.357222222222221,afc0179f4807c4d1
2013-04-05,6.013611111111111,afc0179f4807c4d1
2013-04-06,9.662222222222223,afc0179f4807c4d1
2013-04-09,10.395,afc0179f4807c4d1
2013-04-15,6.123055555555556,afc0179f4807c4d1
2013-04-19,4.400833333333333,afc0179f4807c4d1
2013-04-29,1.2280555555555555,afc0179f4807c4d1
2013-05-07,4.198333333333333,afc0179f4807c4d1
2013-05-10,1.3744444444444444,afc0179f4807c4d1
2013-05-12,1.1877777777777778,afc0179f4807c4d1
2013-05-13,14.817777777777778,afc0179f4807c4d1
2013-05-14,3.998611111111111,afc0179f4807c4d1
2013-05-19,2.272222222222222,afc0179f4807c4d1
2013-05-27,4.143055555555556,afc0179f4807c4d1
2013-03-28,10.2075,84b0b4eb371de2e2
2013-03-29,20.963333333333335,84b0b4eb371de2e2
2013-03-30,8.751111111111111,84b0b4eb371de2e2
2013-03-31,9.315277777777778,84b0b4eb371de2e2
2013-04-01,16.366666666666667,84b0b4eb371de2e2
2013-04-02,23.389722222222222,84b0b4eb371de2e2
2013-04-03,17.79111111111111,84b0b4eb371de2e2
2013-04-04,18.62027777777778,84b0b4eb371de2e2
2013-04-05,18.34027777777778,84b0b4eb371de2e2
2013-04-06,6.524166666666667,84b0b4eb371de2e2
2013-04-08,10.20388888888889,84b0b4eb371de2e2
2013-04-09,8.988888888888889,84b0b4eb371de2e2
2013-04-10,6.038055555555555,84b0b4eb371de2e2
2013-04-11,20.260277777777777,84b0b4eb371de2e2
2013-04-12,4.096111111111111,84b0b4eb371de2e2
2013-04-15,4.302777777777778,84b0b4eb371de2e2
2013-04-16,1.4902777777777778,84b0b4eb371de2e2
2013-04-17,8.50388888888889,84b0b4eb371de2e2
2013-04-18,16.41583333333333,84b0b4eb371de2e2
2013-04-19,7.581388888888888,84b0b4eb371de2e2
2013-04-20,2.1727777777777777,84b0b4eb371de2e2
2013-04-21,10.476666666666667,84b0b4eb371de2e2
2013-04-22,1.8075,84b0b4eb371de2e2
2013-04-23,9.598333333333333,84b0b4eb371de2e2
2013-04-24,8.114444444444445,84b0b4eb371de2e2
2013-04-27,1.0655555555555556,84b0b4eb371de2e2
2013-04-29,8.714444444444444,84b0b4eb371de2e2
2013-04-30,3.1791666666666667,84b0b4eb371de2e2
2013-05-01,3.6505555555555556,84b0b4eb371de2e2
2013-05-02,1.041388888888889,84b0b4eb371de2e2
2013-05-04,4.426111111111111,84b0b4eb371de2e2
2013-05-06,11.193055555555556,84b0b4eb371de2e2
2013-05-07,1.6880555555555556,84b0b4eb371de2e2
2013-05-10,9.941944444444445,84b0b4eb371de2e2
2013-05-11,1.0647222222222221,84b0b4eb371de2e2
2013-05-12,5.113333333333333,84b0b4eb371de2e2
2013-05-13,8.362777777777778,84b0b4eb371de2e2
2013-05-14,5.829722222222222,84b0b4eb371de2e2
2013-05-19,3.601388888888889,84b0b4eb371de2e2
2013-05-24,3.3630555555555555,84b0b4eb371de2e2
2013-05-26,5.3261111111111115,84b0b4eb371de2e2
2013-05-27,12.429722222222223,84b0b4eb371de2e2
2013-05-28,1.2147222222222223,84b0b4eb371de2e2
2013-05-31,1.8372222222222223,84b0b4eb371de2e2
2013-03-28,5.8758333333333335,6331281a76223853
2013-03-29,14.488333333333333,6331281a76223853
2013-03-30,16.591666666666665,6331281a76223853
2013-03-31,8.723611111111111,6331281a76223853
2013-04-01,10.775555555555556,6331281a76223853
2013-04-02,13.342222222222222,6331281a76223853
2013-04-03,12.878333333333334,6331281a76223853
2013-04-04,13.543611111111112,6331281a76223853
2013-04-05,12.212777777777777,6331281a76223853
2013-04-06,16.435,6331281a76223853
2013-04-07,16.970555555555556,6331281a76223853
2013-04-08,15.315277777777778,6331281a76223853
2013-04-09,14.684166666666666,6331281a76223853
2013-04-10,12.345555555555556,6331281a76223853
2013-04-11,16.952777777777776,6331281a76223853
2013-04-12,14.227777777777778,6331281a76223853
2013-04-13,15.98861111111111,6331281a76223853
2013-04-14,13.983611111111111,6331281a76223853
2013-04-15,19.27916666666667,6331281a76223853
2013-04-16,12.786944444444444,6331281a76223853
2013-04-17,17.739444444444445,6331281a76223853
2013-04-18,12.70861111111111,6331281a76223853
2013-04-19,6.5152777777777775,6331281a76223853
2013-04-20,19.150277777777777,6331281a76223853
2013-04-21,11.793611111111112,6331281a76223853
2013-04-22,9.142222222222223,6331281a76223853
2013-04-23,10.03361111111111,6331281a76223853
2013-04-24,12.061388888888889,6331281a76223853
2013-04-25,12.318611111111112,6331281a76223853
2013-04-26,5.741388888888888,6331281a76223853
2013-04-27,16.018333333333334,6331281a76223853
2013-04-28,16.780277777777776,6331281a76223853
2013-04-29,21.348333333333333,6331281a76223853
2013-04-30,10.787222222222223,6331281a76223853
2013-05-01,10.481666666666667,6331281a76223853
2013-05-02,12.400833333333333,6331281a76223853
2013-05-03,10.612777777777778,6331281a76223853
2013-05-04,1.1477777777777778,6331281a76223853
2013-05-05,12.374166666666667,6331281a76223853
2013-05-06,15.161388888888888,6331281a76223853
2013-05-07,12.658333333333333,6331281a76223853
2013-05-08,16.16777777777778,6331281a76223853
2013-05-09,14.779444444444444,6331281a76223853
2013-05-10,18.867222222222225,6331281a76223853
2013-05-11,17.318333333333335,6331281a76223853
2013-05-12,13.629166666666666,6331281a76223853
2013-05-13,15.662777777777778,6331281a76223853
2013-05-14,12.107777777777777,6331281a76223853
2013-05-15,13.426666666666668,6331281a76223853
2013-05-16,13.932777777777778,6331281a76223853
2013-05-17,15.252777777777778,6331281a76223853
2013-05-18,18.97416666666667,6331281a76223853
2013-05-19,9.646666666666667,6331281a76223853
2013-05-20,17.4,6331281a76223853
2013-05-21,17.43027777777778,6331281a76223853
2013-05-22,9.30638888888889,6331281a76223853
2013-05-23,21.094444444444445,6331281a76223853
2013-05-24,17.12611111111111,6331281a76223853
2013-05-25,13.704166666666666,6331281a76223853
2013-05-26,17.529722222222222,6331281a76223853
2013-05-27,13.874166666666667,6331281a76223853
2013-05-28,11.460555555555555,6331281a76223853
2013-05-29,11.031666666666666,6331281a76223853
2013-05-30,16.9575,6331281a76223853
2013-05-31,14.794166666666667,6331281a76223853
2013-03-28,4.405277777777778,3b3d3be78f618b7b
2013-04-02,10.113333333333333,3b3d3be78f618b7b
2013-04-03,1.5227777777777778,3b3d3be78f618b7b
2013-04-12,1.1394444444444445,3b3d3be78f618b7b
2013-04-15,9.603055555555555,3b3d3be78f618b7b
2013-04-16,1.4369444444444444,3b3d3be78f618b7b
2013-04-24,10.203888888888889,3b3d3be78f618b7b
2013-03-28,3.8680555555555554,da1b3717d0ae0754
2013-03-29,14.453333333333333,da1b3717d0ae0754
2013-03-30,1.1263888888888889,da1b3717d0ae0754
2013-03-31,7.667222222222222,da1b3717d0ae0754
2013-04-01,20.123055555555556,da1b3717d0ae0754
2013-04-03,10.713333333333333,da1b3717d0ae0754
2013-04-04,16.50861111111111,da1b3717d0ae0754
2013-04-05,9.375277777777777,da1b3717d0ae0754
2013-04-09,11.188611111111111,da1b3717d0ae0754
2013-04-10,11.758611111111112,da1b3717d0ae0754
2013-04-11,15.647222222222222,da1b3717d0ae0754
2013-04-12,18.121666666666666,da1b3717d0ae0754
2013-04-14,3.0236111111111112,da1b3717d0ae0754
2013-04-15,7.666666666666667,da1b3717d0ae0754
2013-04-19,11.141666666666667,da1b3717d0ae0754
2013-04-20,5.0625,da1b3717d0ae0754
2013-04-21,3.276944444444444,da1b3717d0ae0754
2013-04-22,3.115277777777778,da1b3717d0ae0754
2013-04-26,11.104444444444443,da1b3717d0ae0754
2013-04-29,10.577222222222222,da1b3717d0ae0754
2013-04-30,7.848611111111111,da1b3717d0ae0754
2013-05-10,2.3119444444444444,da1b3717d0ae0754
2013-05-12,15.3925,da1b3717d0ae0754
2013-05-13,13.978055555555557,da1b3717d0ae0754
2013-05-14,2.4466666666666668,da1b3717d0ae0754
2013-05-20,3.7375,da1b3717d0ae0754
2013-05-21,4.299166666666666,da1b3717d0ae0754
2013-05-24,2.511111111111111,da1b3717d0ae0754
2013-05-27,4.390555555555555,da1b3717d0ae0754
2013-05-28,13.068333333333333,da1b3717d0ae0754
2013-05-29,3.618333333333333,da1b3717d0ae0754
2013-04-01,4.998888888888889,6c7d0efd1d78c719
2013-04-02,19.670555555555556,6c7d0efd1d78c719
2013-04-03,23.061666666666667,6c7d0efd1d78c719
2013-04-04,7.510555555555555,6c7d0efd1d78c719
2013-04-05,22.613333333333333,6c7d0efd1d78c719
2013-04-06,7.821111111111112,6c7d0efd1d78c719
2013-04-07,9.26361111111111,6c7d0efd1d78c719
2013-04-08,13.983333333333334,6c7d0efd1d78c719
2013-04-10,17.975,6c7d0efd1d78c719
2013-04-12,6.691944444444444,6c7d0efd1d78c719
2013-04-13,3.347777777777778,6c7d0efd1d78c719
2013-04-14,4.394444444444444,6c7d0efd1d78c719
2013-04-15,3.2536111111111112,6c7d0efd1d78c719
2013-04-17,7.329166666666667,6c7d0efd1d78c719
2013-04-18,8.463888888888889,6c7d0efd1d78c719
2013-04-19,7.219444444444444,6c7d0efd1d78c719
2013-04-21,19.65277777777778,6c7d0efd1d78c719
2013-04-22,5.4383333333333335,6c7d0efd1d78c719
2013-04-23,1.6591666666666667,6c7d0efd1d78c719
2013-04-26,7.146111111111112,6c7d0efd1d78c719
2013-04-27,2.8002777777777776,6c7d0efd1d78c719
2013-04-28,6.044722222222222,6c7d0efd1d78c719
2013-04-29,4.421388888888889,6c7d0efd1d78c719
2013-05-01,4.049444444444445,6c7d0efd1d78c719
2013-05-02,5.1225,6c7d0efd1d78c719
2013-05-04,5.880833333333333,6c7d0efd1d78c719
2013-05-05,8.82611111111111,6c7d0efd1d78c719
2013-05-06,1.008888888888889,6c7d0efd1d78c719
2013-05-07,3.411111111111111,6c7d0efd1d78c719
2013-05-08,9.643055555555556,6c7d0efd1d78c719
2013-05-09,2.5613888888888887,6c7d0efd1d78c719
2013-05-11,1.8927777777777777,6c7d0efd1d78c719
2013-05-12,1.4947222222222223,6c7d0efd1d78c719
2013-05-13,13.873333333333333,6c7d0efd1d78c719
2013-05-14,24.050555555555555,6c7d0efd1d78c719
2013-05-15,8.918333333333333,6c7d0efd1d78c719
2013-05-19,14.839444444444444,6c7d0efd1d78c719
2013-05-20,8.858333333333333,6c7d0efd1d78c719
2013-04-01,11.351666666666667,678efa6567278633
2013-04-02,4.588611111111112,678efa6567278633
2013-04-03,15.702777777777778,678efa6567278633
2013-04-04,1.8025,678efa6567278633
2013-04-05,24.336111111111112,678efa6567278633
2013-04-06,10.383055555555556,678efa6567278633
2013-04-07,19.185555555555556,678efa6567278633
2013-04-08,21.68611111111111,678efa6567278633
2013-04-09,20.90277777777778,678efa6567278633
2013-04-10,3.6775,678efa6567278633
2013-04-11,14.426388888888889,678efa6567278633
2013-04-12,2.3941666666666666,678efa6567278633
2013-04-13,12.724166666666665,678efa6567278633
2013-04-14,11.0975,678efa6567278633
2013-04-15,3.7066666666666666,678efa6567278633
2013-04-16,18.407777777777778,678efa6567278633
2013-04-17,12.541388888888887,678efa6567278633
2013-04-18,7.667222222222223,678efa6567278633
2013-04-19,5.249444444444444,678efa6567278633
2013-04-20,11.340555555555556,678efa6567278633
2013-04-21,16.025833333333335,678efa6567278633
2013-04-22,4.8533333333333335,678efa6567278633
2013-04-23,17.235,678efa6567278633
2013-04-24,4.166944444444445,678efa6567278633
2013-04-25,18.54111111111111,678efa6567278633
2013-04-26,15.4125,678efa6567278633
2013-04-27,20.150833333333335,678efa6567278633
2013-04-28,3.3563888888888886,678efa6567278633
2013-04-29,11.3125,678efa6567278633
2013-04-30,20.16611111111111,678efa6567278633
2013-05-01,13.515277777777778,678efa6567278633
2013-05-02,12.70138888888889,678efa6567278633
2013-05-03,10.459444444444445,678efa6567278633
2013-05-04,1.1825,678efa6567278633
2013-05-06,5.035555555555556,678efa6567278633
2013-05-07,19.57611111111111,678efa6567278633
2013-05-08,9.2575,678efa6567278633
2013-05-10,12.672222222222222,678efa6567278633
2013-05-13,17.35,678efa6567278633
2013-05-15,6.386111111111111,678efa6567278633
2013-05-19,2.9616666666666664,678efa6567278633
2013-05-20,11.48638888888889,678efa6567278633
2013-05-21,11.055555555555555,678efa6567278633
2013-05-23,12.643055555555556,678efa6567278633
2013-05-24,5.245277777777778,678efa6567278633
2013-05-25,9.13861111111111,678efa6567278633
2013-05-26,7.4375,678efa6567278633
2013-05-27,14.984166666666667,678efa6567278633
2013-05-28,6.881666666666667,678efa6567278633
2013-05-29,1.6880555555555556,678efa6567278633
2013-04-01,4.4075,2c1946301ae0a12c
2013-04-02,1.196388888888889,2c1946301ae0a12c
2013-04-03,15.908611111111112,2c1946301ae0a12c
2013-04-04,13.881111111111112,2c1946301ae0a12c
2013-04-05,9.726111111111111,2c1946301ae0a12c
2013-04-06,11.586388888888889,2c1946301ae0a12c
2013-04-07,18.458333333333332,2c1946301ae0a12c
2013-04-08,15.77361111111111,2c1946301ae0a12c
2013-04-09,13.042222222222222,2c1946301ae0a12c
2013-04-10,25.72416666666667,2c1946301ae0a12c
2013-04-11,11.378888888888888,2c1946301ae0a12c
2013-04-12,20.441388888888888,2c1946301ae0a12c
2013-04-13,20.64361111111111,2c1946301ae0a12c
2013-04-14,1.316111111111111,2c1946301ae0a12c
2013-04-15,11.22888888888889,2c1946301ae0a12c
2013-04-16,8.414722222222222,2c1946301ae0a12c
2013-04-17,15.183055555555555,2c1946301ae0a12c
2013-04-18,8.936388888888889,2c1946301ae0a12c
2013-04-19,18.528055555555554,2c1946301ae0a12c
2013-04-20,12.365,2c1946301ae0a12c
2013-04-21,25.17861111111111,2c1946301ae0a12c
2013-04-22,10.258055555555556,2c1946301ae0a12c
2013-04-23,21.33555555555556,2c1946301ae0a12c
2013-04-24,22.013055555555553,2c1946301ae0a12c
2013-04-25,13.077222222222222,2c1946301ae0a12c
2013-04-26,19.079444444444444,2c1946301ae0a12c
2013-04-27,11.557777777777778,2c1946301ae0a12c
2013-04-28,13.382222222222222,2c1946301ae0a12c
2013-04-29,6.9447222222222225,2c1946301ae0a12c
2013-04-30,15.857777777777777,2c1946301ae0a12c
2013-05-01,21.779722222222222,2c1946301ae0a12c
2013-05-02,12.758055555555556,2c1946301ae0a12c
2013-05-03,10.6675,2c1946301ae0a12c
2013-05-04,3.2275,2c1946301ae0a12c
2013-05-05,12.235555555555555,2c1946301ae0a12c
2013-05-06,1.6391666666666667,2c1946301ae0a12c
2013-05-07,6.24,2c1946301ae0a12c
2013-05-08,8.868055555555555,2c1946301ae0a12c
2013-05-09,12.476944444444445,2c1946301ae0a12c
2013-05-11,1.3397222222222223,2c1946301ae0a12c
2013-05-12,9.9375,2c1946301ae0a12c
2013-05-13,10.415833333333333,2c1946301ae0a12c
2013-05-14,8.179166666666667,2c1946301ae0a12c
2013-05-15,14.216388888888888,2c1946301ae0a12c
2013-05-16,10.173333333333332,2c1946301ae0a12c
2013-05-17,10.921388888888888,2c1946301ae0a12c
2013-05-18,8.087777777777777,2c1946301ae0a12c
2013-05-19,5.586388888888889,2c1946301ae0a12c
2013-05-20,13.648888888888889,2c1946301ae0a12c
2013-05-21,11.289444444444445,2c1946301ae0a12c
2013-05-22,19.07972222222222,2c1946301ae0a12c
2013-05-23,14.2925,2c1946301ae0a12c
2013-05-24,5.846111111111111,2c1946301ae0a12c
2013-05-25,8.978055555555557,2c1946301ae0a12c
2013-05-26,13.448055555555555,2c1946301ae0a12c
2013-05-27,15.399166666666668,2c1946301ae0a12c
2013-05-30,5.4625,2c1946301ae0a12c
2013-05-31,9.342777777777778,2c1946301ae0a12c
2013-04-01,3.7994444444444446,3aa20551bd1c2cec
2013-04-02,16.092222222222222,3aa20551bd1c2cec
2013-04-03,15.670277777777777,3aa20551bd1c2cec
2013-04-04,12.188888888888888,3aa20551bd1c2cec
2013-04-05,13.362777777777778,3aa20551bd1c2cec
2013-04-06,9.9575,3aa20551bd1c2cec
2013-04-07,1.0266666666666666,3aa20551bd1c2cec
2013-04-08,13.499444444444444,3aa20551bd1c2cec
2013-04-09,11.872777777777777,3aa20551bd1c2cec
2013-04-10,4.224166666666667,3aa20551bd1c2cec
2013-04-11,19.61638888888889,3aa20551bd1c2cec
2013-04-12,20.15416666666667,3aa20551bd1c2cec
2013-04-13,9.834444444444443,3aa20551bd1c2cec
2013-04-14,14.086388888888889,3aa20551bd1c2cec
2013-04-15,11.764722222222222,3aa20551bd1c2cec
2013-04-17,6.77,3aa20551bd1c2cec
2013-04-18,9.300833333333333,3aa20551bd1c2cec
2013-04-21,17.339166666666667,3aa20551bd1c2cec
2013-04-22,9.779722222222222,3aa20551bd1c2cec
2013-04-27,2.8872222222222224,3aa20551bd1c2cec
2013-04-28,19.596666666666668,3aa20551bd1c2cec
2013-04-29,11.689166666666667,3aa20551bd1c2cec
2013-04-30,5.9094444444444445,3aa20551bd1c2cec
2013-05-04,6.528611111111111,3aa20551bd1c2cec
2013-05-05,2.6805555555555554,3aa20551bd1c2cec
2013-05-06,20.71388888888889,3aa20551bd1c2cec
2013-05-07,13.389444444444443,3aa20551bd1c2cec
2013-05-08,20.519166666666667,3aa20551bd1c2cec
2013-05-09,6.264722222222222,3aa20551bd1c2cec
2013-05-10,10.121388888888887,3aa20551bd1c2cec
2013-05-11,28.265555555555558,3aa20551bd1c2cec
2013-05-12,14.773055555555555,3aa20551bd1c2cec
2013-05-13,3.0880555555555556,3aa20551bd1c2cec
2013-05-14,3.7430555555555554,3aa20551bd1c2cec
2013-05-15,8.701666666666666,3aa20551bd1c2cec
2013-05-17,3.3677777777777775,3aa20551bd1c2cec
2013-05-19,2.3091666666666666,3aa20551bd1c2cec
2013-05-20,13.38861111111111,3aa20551bd1c2cec
2013-05-21,21.975555555555555,3aa20551bd1c2cec
2013-05-22,9.379444444444445,3aa20551bd1c2cec
2013-05-24,4.219722222222222,3aa20551bd1c2cec
2013-05-25,24.823333333333334,3aa20551bd1c2cec
2013-05-26,3.5033333333333334,3aa20551bd1c2cec
2013-05-27,15.837222222222222,3aa20551bd1c2cec
2013-05-28,19.538888888888888,3aa20551bd1c2cec
2013-03-31,1.0230555555555556,b5e6aa699aa6bb40
2013-04-01,8.581666666666667,b5e6aa699aa6bb40
2013-04-02,19.34,b5e6aa699aa6bb40
2013-04-03,25.073888888888888,b5e6aa699aa6bb40
2013-04-04,11.51,b5e6aa699aa6bb40
2013-04-05,9.794166666666667,b5e6aa699aa6bb40
2013-04-06,16.452222222222222,b5e6aa699aa6bb40
2013-04-07,12.943055555555556,b5e6aa699aa6bb40
2013-04-08,12.0225,b5e6aa699aa6bb40
2013-04-09,15.989722222222223,b5e6aa699aa6bb40
2013-04-10,8.397499999999999,b5e6aa699aa6bb40
2013-04-11,13.450833333333334,b5e6aa699aa6bb40
2013-04-12,7.455277777777777,b5e6aa699aa6bb40
2013-04-13,4.576944444444445,b5e6aa699aa6bb40
2013-04-14,8.798055555555557,b5e6aa699aa6bb40
2013-04-15,8.186388888888889,b5e6aa699aa6bb40
2013-04-16,10.89611111111111,b5e6aa699aa6bb40
2013-04-17,7.490555555555556,b5e6aa699aa6bb40
2013-04-19,9.821666666666665,b5e6aa699aa6bb40
2013-04-20,7.741111111111111,b5e6aa699aa6bb40
2013-04-21,9.181388888888888,b5e6aa699aa6bb40
2013-04-22,6.329166666666667,b5e6aa699aa6bb40
2013-04-24,9.168333333333333,b5e6aa699aa6bb40
2013-04-25,2.342777777777778,b5e6aa699aa6bb40
2013-04-26,4.899444444444445,b5e6aa699aa6bb40
2013-04-27,11.414166666666667,b5e6aa699aa6bb40
2013-04-28,7.448611111111111,b5e6aa699aa6bb40
2013-04-29,7.7275,b5e6aa699aa6bb40
2013-04-30,2.3655555555555554,b5e6aa699aa6bb40
2013-05-01,7.2175,b5e6aa699aa6bb40
2013-05-02,7.538333333333333,b5e6aa699aa6bb40
2013-05-03,6.358888888888889,b5e6aa699aa6bb40
2013-05-04,1.3875,b5e6aa699aa6bb40
2013-05-05,7.011388888888889,b5e6aa699aa6bb40
2013-05-06,10.364444444444445,b5e6aa699aa6bb40
2013-05-07,8.848333333333333,b5e6aa699aa6bb40
2013-05-08,9.350833333333334,b5e6aa699aa6bb40
2013-05-09,10.020555555555555,b5e6aa699aa6bb40
2013-05-10,6.695555555555556,b5e6aa699aa6bb40
2013-05-11,4.150555555555556,b5e6aa699aa6bb40
2013-05-12,8.522777777777778,b5e6aa699aa6bb40
2013-05-13,2.0283333333333333,b5e6aa699aa6bb40
2013-05-14,4.863611111111111,b5e6aa699aa6bb40
2013-05-15,1.2394444444444443,b5e6aa699aa6bb40
2013-05-16,7.906666666666666,b5e6aa699aa6bb40
2013-05-17,11.071111111111112,b5e6aa699aa6bb40
2013-05-18,8.887222222222222,b5e6aa699aa6bb40
2013-05-19,8.38111111111111,b5e6aa699aa6bb40
2013-05-20,6.590833333333333,b5e6aa699aa6bb40
2013-05-21,6.016388888888889,b5e6aa699aa6bb40
2013-05-23,1.2569444444444444,b5e6aa699aa6bb40
2013-03-28,7.950277777777778,7afd2e21e5ddc153
2013-03-29,13.661944444444444,7afd2e21e5ddc153
2013-03-30,10.098055555555556,7afd2e21e5ddc153
2013-03-31,6.175,7afd2e21e5ddc153
2013-04-01,9.266388888888889,7afd2e21e5ddc153
2013-04-03,6.342222222222222,7afd2e21e5ddc153
2013-04-10,2.5502777777777776,7afd2e21e5ddc153
2013-04-11,3.4383333333333335,7afd2e21e5ddc153
2013-04-12,8.568888888888887,7afd2e21e5ddc153
2013-04-13,15.149444444444445,7afd2e21e5ddc153
2013-04-14,9.51388888888889,7afd2e21e5ddc153
2013-04-15,5.7,7afd2e21e5ddc153
2013-04-16,3.3658333333333337,7afd2e21e5ddc153
2013-04-17,3.2249999999999996,7afd2e21e5ddc153
2013-04-20,7.743055555555555,7afd2e21e5ddc153
2013-04-21,17.336666666666666,7afd2e21e5ddc153
2013-04-26,1.0122222222222221,7afd2e21e5ddc153
2013-04-27,17.735833333333332,7afd2e21e5ddc153
2013-05-02,6.9991666666666665,7afd2e21e5ddc153
2013-05-03,3.2194444444444446,7afd2e21e5ddc153
2013-05-12,4.5311111111111115,7afd2e21e5ddc153
2013-05-19,6.346388888888889,7afd2e21e5ddc153
2013-05-20,13.73638888888889,7afd2e21e5ddc153
2013-05-21,11.598333333333333,7afd2e21e5ddc153
2013-05-22,8.468055555555555,7afd2e21e5ddc153
2013-05-23,4.581944444444444,7afd2e21e5ddc153
2013-05-24,12.3975,7afd2e21e5ddc153
2013-05-25,9.773333333333333,7afd2e21e5ddc153
2013-05-26,8.963888888888889,7afd2e21e5ddc153
2013-05-27,11.111944444444445,7afd2e21e5ddc153
2013-05-28,8.05,7afd2e21e5ddc153
2013-05-29,5.347222222222222,7afd2e21e5ddc153
2013-05-30,7.595833333333333,7afd2e21e5ddc153
