hashed_uid,date,sleep_hours,sleep_quality
02b34100f41b4332,2013-03-27 00:00:00-04:00,6,2
02b34100f41b4332,2013-03-28 00:00:00-04:00,7,2
02b34100f41b4332,2013-03-29 00:00:00-04:00,7,3
02b34100f41b4332,2013-03-30 00:00:00-04:00,7,2
02b34100f41b4332,2013-03-31 00:00:00-04:00,6,3
02b34100f41b4332,2013-04-01 00:00:00-04:00,7,3
02b34100f41b4332,2013-04-03 00:00:00-04:00,6,3
02b34100f41b4332,2013-04-09 00:00:00-04:00,6,2
02b34100f41b4332,2013-04-10 00:00:00-04:00,5,3
02b34100f41b4332,2013-04-11 00:00:00-04:00,4,2
02b34100f41b4332,2013-04-12 00:00:00-04:00,3,2
02b34100f41b4332,2013-04-13 00:00:00-04:00,8,1
02b34100f41b4332,2013-04-15 00:00:00-04:00,4,3
02b34100f41b4332,2013-04-16 00:00:00-04:00,5,3
02b34100f41b4332,2013-04-17 00:00:00-04:00,5,3
02b34100f41b4332,2013-04-18 00:00:00-04:00,5,4
02b34100f41b4332,2013-04-19 00:00:00-04:00,4,3
02b34100f41b4332,2013-04-20 00:00:00-04:00,8,3
02b34100f41b4332,2013-04-21 00:00:00-04:00,6,2
02b34100f41b4332,2013-04-26 00:00:00-04:00,4,2
02b34100f41b4332,2013-04-27 00:00:00-04:00,5,3
02b34100f41b4332,2013-04-29 00:00:00-04:00,4,2
02b34100f41b4332,2013-05-01 00:00:00-04:00,5,2
02b34100f41b4332,2013-05-03 00:00:00-04:00,5,3
02b34100f41b4332,2013-05-07 00:00:00-04:00,4,2
02b34100f41b4332,2013-05-08 00:00:00-04:00,1,3
02b34100f41b4332,2013-05-13 00:00:00-04:00,3,4
02b34100f41b4332,2013-05-14 00:00:00-04:00,1,3
02b34100f41b4332,2013-05-15 00:00:00-04:00,1,4
02b34100f41b4332,2013-05-17 00:00:00-04:00,9,2
02b34100f41b4332,2013-05-18 00:00:00-04:00,3,3
02b34100f41b4332,2013-05-20 00:00:00-04:00,2,4
02b34100f41b4332,2013-06-01 00:00:00-04:00,10,2
047dd3752ee95148,2013-03-27 00:00:00-04:00,2,4
047dd3752ee95148,2013-03-28 00:00:00-04:00,4,3
047dd3752ee95148,2013-03-29 00:00:00-04:00,5,2
047dd3752ee95148,2013-03-31 00:00:00-04:00,8,1
047dd3752ee95148,2013-04-01 00:00:00-04:00,8,1
047dd3752ee95148,2013-04-02 00:00:00-04:00,5,3
047dd3752ee95148,2013-04-03 00:00:00-04:00,8,1
047dd3752ee95148,2013-04-04 00:00:00-04:00,5,3
047dd3752ee95148,2013-04-10 00:00:00-04:00,6,3
04e98184146d8c31,2013-03-28 00:00:00-04:00,5,4
04e98184146d8c31,2013-03-29 00:00:00-04:00,5,3
04e98184146d8c31,2013-03-31 00:00:00-04:00,9,1
04e98184146d8c31,2013-04-01 00:00:00-04:00,4,3
04e98184146d8c31,2013-04-03 00:00:00-04:00,5,2
04e98184146d8c31,2013-04-04 00:00:00-04:00,7,2
04e98184146d8c31,2013-04-05 00:00:00-04:00,5,2
04e98184146d8c31,2013-04-08 00:00:00-04:00,3,3
04e98184146d8c31,2013-04-10 00:00:00-04:00,2,4
04e98184146d8c31,2013-04-17 00:00:00-04:00,3,4
04e98184146d8c31,2013-04-18 00:00:00-04:00,7,2
04e98184146d8c31,2013-04-19 00:00:00-04:00,6,2
04e98184146d8c31,2013-04-20 00:00:00-04:00,12,1
04e98184146d8c31,2013-04-29 00:00:00-04:00,0,4
04e98184146d8c31,2013-05-03 00:00:00-04:00,6,1
04e98184146d8c31,2013-05-22 00:00:00-04:00,3,4
24a62f53b639939c,2013-03-28 00:00:00-04:00,6,4
24a62f53b639939c,2013-03-29 00:00:00-04:00,7,3
24a62f53b639939c,2013-03-30 00:00:00-04:00,9,2
24a62f53b639939c,2013-04-01 00:00:00-04:00,8,2
24a62f53b639939c,2013-04-02 00:00:00-04:00,6,2
24a62f53b639939c,2013-04-03 00:00:00-04:00,9,1
24a62f53b639939c,2013-04-04 00:00:00-04:00,6,3
24a62f53b639939c,2013-04-05 00:00:00-04:00,9,1
24a62f53b639939c,2013-04-06 00:00:00-04:00,10,2
24a62f53b639939c,2013-04-08 00:00:00-04:00,7,3
24a62f53b639939c,2013-04-09 00:00:00-04:00,9,3
24a62f53b639939c,2013-04-12 00:00:00-04:00,6,2
24a62f53b639939c,2013-04-13 00:00:00-04:00,9,3
24a62f53b639939c,2013-04-14 00:00:00-04:00,9,2
24a62f53b639939c,2013-04-17 00:00:00-04:00,7,2
24a62f53b639939c,2013-05-13 00:00:00-04:00,9,2
24a62f53b639939c,2013-05-26 00:00:00-04:00,5,4
26119daf181335b2,2013-03-27 00:00:00-04:00,7,2
26119daf181335b2,2013-03-28 00:00:00-04:00,10,1
26119daf181335b2,2013-03-29 00:00:00-04:00,7,1
26119daf181335b2,2013-03-30 00:00:00-04:00,8,1
26119daf181335b2,2013-03-31 00:00:00-04:00,8,1
26119daf181335b2,2013-04-01 00:00:00-04:00,7,2
26119daf181335b2,2013-04-02 00:00:00-04:00,8,2
26119daf181335b2,2013-04-03 00:00:00-04:00,6,2
26119daf181335b2,2013-04-04 00:00:00-04:00,8,2
26119daf181335b2,2013-04-05 00:00:00-04:00,7,3
26119daf181335b2,2013-04-06 00:00:00-04:00,8,1
26119daf181335b2,2013-04-07 00:00:00-04:00,9,1
26119daf181335b2,2013-04-08 00:00:00-04:00,6,2
26119daf181335b2,2013-04-09 00:00:00-04:00,8,1
26119daf181335b2,2013-04-10 00:00:00-04:00,5,2
26119daf181335b2,2013-04-11 00:00:00-04:00,6,2
26119daf181335b2,2013-04-12 00:00:00-04:00,5,2
26119daf181335b2,2013-04-13 00:00:00-04:00,9,1
26119daf181335b2,2013-04-14 00:00:00-04:00,8,1
26119daf181335b2,2013-04-16 00:00:00-04:00,7,1
26119daf181335b2,2013-04-17 00:00:00-04:00,5,2
26119daf181335b2,2013-04-18 00:00:00-04:00,8,1
26119daf181335b2,2013-04-19 00:00:00-04:00,7,2
26119daf181335b2,2013-04-21 00:00:00-04:00,7,2
26119daf181335b2,2013-04-22 00:00:00-04:00,7,2
26119daf181335b2,2013-04-23 00:00:00-04:00,7,1
2c1946301ae0a12c,2013-04-02 00:00:00-04:00,8,1
2c1946301ae0a12c,2013-04-03 00:00:00-04:00,7,1
2c1946301ae0a12c,2013-04-04 00:00:00-04:00,8,1
2c1946301ae0a12c,2013-04-05 00:00:00-04:00,6,1
2c1946301ae0a12c,2013-04-06 00:00:00-04:00,6,1
2c1946301ae0a12c,2013-04-07 00:00:00-04:00,8,1
2c1946301ae0a12c,2013-04-08 00:00:00-04:00,7,2
2c1946301ae0a12c,2013-04-09 00:00:00-04:00,8,1
2c1946301ae0a12c,2013-04-10 00:00:00-04:00,8,1
2c1946301ae0a12c,2013-04-11 00:00:00-04:00,8,1
2c1946301ae0a12c,2013-04-12 00:00:00-04:00,8,1
2c1946301ae0a12c,2013-04-13 00:00:00-04:00,8,2
2c1946301ae0a12c,2013-04-15 00:00:00-04:00,7,2
2c1946301ae0a12c,2013-04-17 00:00:00-04:00,8,1
2c1946301ae0a12c,2013-04-18 00:00:00-04:00,8,1
2c1946301ae0a12c,2013-04-19 00:00:00-04:00,8,1
2c1946301ae0a12c,2013-04-20 00:00:00-04:00,7,1
2c1946301ae0a12c,2013-04-21 00:00:00-04:00,8,1
2c1946301ae0a12c,2013-04-22 00:00:00-04:00,8,2
2c1946301ae0a12c,2013-04-23 00:00:00-04:00,7,1
2c1946301ae0a12c,2013-04-24 00:00:00-04:00,8,1
2c1946301ae0a12c,2013-04-25 00:00:00-04:00,8,1
2c1946301ae0a12c,2013-04-26 00:00:00-04:00,8,1
2c1946301ae0a12c,2013-04-27 00:00:00-04:00,8,1
2c1946301ae0a12c,2013-04-28 00:00:00-04:00,7,2
2c1946301ae0a12c,2013-04-29 00:00:00-04:00,8,2
2c1946301ae0a12c,2013-04-30 00:00:00-04:00,8,1
2c1946301ae0a12c,2013-05-01 00:00:00-04:00,10,1
2c1946301ae0a12c,2013-05-02 00:00:00-04:00,8,1
2c1946301ae0a12c,2013-05-03 00:00:00-04:00,8,1
2c1946301ae0a12c,2013-05-04 00:00:00-04:00,8,1
2c1946301ae0a12c,2013-05-05 00:00:00-04:00,7,1
2c1946301ae0a12c,2013-05-06 00:00:00-04:00,8,1
2c1946301ae0a12c,2013-05-07 00:00:00-04:00,6,2
2c1946301ae0a12c,2013-05-08 00:00:00-04:00,11,1
2c1946301ae0a12c,2013-05-09 00:00:00-04:00,12,1
2c1946301ae0a12c,2013-05-10 00:00:00-04:00,12,1
2c1946301ae0a12c,2013-05-12 00:00:00-04:00,11,1
2c1946301ae0a12c,2013-05-13 00:00:00-04:00,11,1
2c1946301ae0a12c,2013-05-14 00:00:00-04:00,12,1
2c1946301ae0a12c,2013-05-15 00:00:00-04:00,10,1
2c1946301ae0a12c,2013-05-16 00:00:00-04:00,17,1
2c1946301ae0a12c,2013-05-17 00:00:00-04:00,13,1
2c1946301ae0a12c,2013-05-18 00:00:00-04:00,12,1
2c1946301ae0a12c,2013-05-19 00:00:00-04:00,12,1
2c1946301ae0a12c,2013-05-20 00:00:00-04:00,12,1
2c1946301ae0a12c,2013-05-22 00:00:00-04:00,11,1
2c1946301ae0a12c,2013-05-23 00:00:00-04:00,12,1
2c1946301ae0a12c,2013-05-24 00:00:00-04:00,11,1
2c1946301ae0a12c,2013-05-25 00:00:00-04:00,11,1
2c1946301ae0a12c,2013-05-27 00:00:00-04:00,10,1
2c1946301ae0a12c,2013-06-01 00:00:00-04:00,12,1
2d18a642ead60d83,2013-04-08 00:00:00-04:00,8,1
37985280ff34ce04,2013-03-27 00:00:00-04:00,8,2
37985280ff34ce04,2013-03-28 00:00:00-04:00,7,2
37985280ff34ce04,2013-03-29 00:00:00-04:00,7,3
37985280ff34ce04,2013-03-30 00:00:00-04:00,8,2
37985280ff34ce04,2013-03-31 00:00:00-04:00,7,2
37985280ff34ce04,2013-04-01 00:00:00-04:00,7,2
37985280ff34ce04,2013-04-02 00:00:00-04:00,8,2
37985280ff34ce04,2013-04-03 00:00:00-04:00,8,3
37985280ff34ce04,2013-04-04 00:00:00-04:00,8,2
37985280ff34ce04,2013-04-05 00:00:00-04:00,8,2
37985280ff34ce04,2013-04-06 00:00:00-04:00,7,2
37985280ff34ce04,2013-04-07 00:00:00-04:00,9,2
37985280ff34ce04,2013-04-08 00:00:00-04:00,7,2
37985280ff34ce04,2013-04-09 00:00:00-04:00,7,2
37985280ff34ce04,2013-04-10 00:00:00-04:00,8,2
37985280ff34ce04,2013-04-13 00:00:00-04:00,8,2
37985280ff34ce04,2013-04-17 00:00:00-04:00,9,2
37985280ff34ce04,2013-04-21 00:00:00-04:00,8,2
37985280ff34ce04,2013-04-22 00:00:00-04:00,8,2
37985280ff34ce04,2013-04-25 00:00:00-04:00,7,2
37985280ff34ce04,2013-04-26 00:00:00-04:00,6,2
37985280ff34ce04,2013-05-03 00:00:00-04:00,9,1
37985280ff34ce04,2013-05-05 00:00:00-04:00,9,1
37985280ff34ce04,2013-05-16 00:00:00-04:00,12,2
3aa20551bd1c2cec,2013-04-02 00:00:00-04:00,8,2
3aa20551bd1c2cec,2013-04-03 00:00:00-04:00,6,1
3aa20551bd1c2cec,2013-04-04 00:00:00-04:00,8,1
3aa20551bd1c2cec,2013-04-05 00:00:00-04:00,8,1
3aa20551bd1c2cec,2013-04-08 00:00:00-04:00,8,1
3aa20551bd1c2cec,2013-04-12 00:00:00-04:00,6,1
3aa20551bd1c2cec,2013-04-13 00:00:00-04:00,8,1
3aa20551bd1c2cec,2013-05-06 00:00:00-04:00,8,1
3aa20551bd1c2cec,2013-05-14 00:00:00-04:00,9,1
3aa20551bd1c2cec,2013-05-15 00:00:00-04:00,8,1
3b3d3be78f618b7b,2013-04-09 00:00:00-04:00,7,1
3b3d3be78f618b7b,2013-04-10 00:00:00-04:00,7,1
3b3d3be78f618b7b,2013-04-13 00:00:00-04:00,8,1
3b3d3be78f618b7b,2013-04-16 00:00:00-04:00,8,1
3b3d3be78f618b7b,2013-04-17 00:00:00-04:00,8,1
3b3d3be78f618b7b,2013-04-24 00:00:00-04:00,8,1
3b3d3be78f618b7b,2013-04-25 00:00:00-04:00,8,1
42a389ebb402924a,2013-03-27 00:00:00-04:00,7,1
42a389ebb402924a,2013-03-28 00:00:00-04:00,8,2
42a389ebb402924a,2013-03-29 00:00:00-04:00,5,3
42a389ebb402924a,2013-03-30 00:00:00-04:00,9,1
42a389ebb402924a,2013-03-31 00:00:00-04:00,8,1
4c2427b7dea51ebb,2013-03-27 00:00:00-04:00,7,2
4c2427b7dea51ebb,2013-03-29 00:00:00-04:00,6,2
4c2427b7dea51ebb,2013-03-30 00:00:00-04:00,8,1
4c2427b7dea51ebb,2013-03-31 00:00:00-04:00,8,2
4c2427b7dea51ebb,2013-04-01 00:00:00-04:00,7,2
4c2427b7dea51ebb,2013-04-02 00:00:00-04:00,7,2
4c2427b7dea51ebb,2013-04-03 00:00:00-04:00,8,2
4c2427b7dea51ebb,2013-04-04 00:00:00-04:00,7,2
4c2427b7dea51ebb,2013-04-05 00:00:00-04:00,7,2
4c2427b7dea51ebb,2013-04-06 00:00:00-04:00,8,2
4c2427b7dea51ebb,2013-04-07 00:00:00-04:00,7,2
4c2427b7dea51ebb,2013-04-08 00:00:00-04:00,8,2
4c2427b7dea51ebb,2013-04-09 00:00:00-04:00,8,2
4c2427b7dea51ebb,2013-04-10 00:00:00-04:00,8,3
4c2427b7dea51ebb,2013-04-11 00:00:00-04:00,8,2
4c2427b7dea51ebb,2013-04-12 00:00:00-04:00,7,2
4c2427b7dea51ebb,2013-04-13 00:00:00-04:00,6,3
4c2427b7dea51ebb,2013-04-14 00:00:00-04:00,7,3
4c2427b7dea51ebb,2013-04-15 00:00:00-04:00,8,2
4c2427b7dea51ebb,2013-04-16 00:00:00-04:00,8,2
4c2427b7dea51ebb,2013-04-17 00:00:00-04:00,8,2
4c2427b7dea51ebb,2013-04-18 00:00:00-04:00,8,2
4c2427b7dea51ebb,2013-04-21 00:00:00-04:00,8,2
4c2427b7dea51ebb,2013-04-22 00:00:00-04:00,8,2
4c2427b7dea51ebb,2013-04-23 00:00:00-04:00,6,3
4c2427b7dea51ebb,2013-04-26 00:00:00-04:00,8,2
4c2427b7dea51ebb,2013-04-27 00:00:00-04:00,8,3
4c2427b7dea51ebb,2013-04-29 00:00:00-04:00,8,3
4c2427b7dea51ebb,2013-04-30 00:00:00-04:00,7,4
4c2427b7dea51ebb,2013-05-01 00:00:00-04:00,8,2
4c2427b7dea51ebb,2013-05-02 00:00:00-04:00,8,1
4c2427b7dea51ebb,2013-05-03 00:00:00-04:00,7,2
4c2427b7dea51ebb,2013-05-05 00:00:00-04:00,7,2
4c2427b7dea51ebb,2013-05-06 00:00:00-04:00,8,2
4c2427b7dea51ebb,2013-05-07 00:00:00-04:00,5,2
4c2427b7dea51ebb,2013-05-08 00:00:00-04:00,10,2
4c2427b7dea51ebb,2013-05-10 00:00:00-04:00,10,2
4c2427b7dea51ebb,2013-05-11 00:00:00-04:00,10,2
4c2427b7dea51ebb,2013-05-12 00:00:00-04:00,10,2
4c2427b7dea51ebb,2013-05-14 00:00:00-04:00,10,2
4c2427b7dea51ebb,2013-05-16 00:00:00-04:00,10,2
4c2427b7dea51ebb,2013-05-21 00:00:00-04:00,10,1
4c2427b7dea51ebb,2013-05-29 00:00:00-04:00,7,2
4fc7d2e42c31e91b,2013-03-27 00:00:00-04:00,8,1
4fc7d2e42c31e91b,2013-03-31 00:00:00-04:00,7,3
4fc7d2e42c31e91b,2013-04-01 00:00:00-04:00,7,1
4fc7d2e42c31e91b,2013-04-03 00:00:00-04:00,6,3
4fc7d2e42c31e91b,2013-04-04 00:00:00-04:00,10,1
4fc7d2e42c31e91b,2013-04-05 00:00:00-04:00,4,3
4fc7d2e42c31e91b,2013-04-07 00:00:00-04:00,6,2
4fc7d2e42c31e91b,2013-04-08 00:00:00-04:00,7,1
4fc7d2e42c31e91b,2013-04-09 00:00:00-04:00,8,1
4fc7d2e42c31e91b,2013-04-10 00:00:00-04:00,7,1
4fc7d2e42c31e91b,2013-04-11 00:00:00-04:00,10,3
4fc7d2e42c31e91b,2013-04-13 00:00:00-04:00,9,1
4fc7d2e42c31e91b,2013-04-15 00:00:00-04:00,8,3
4fc7d2e42c31e91b,2013-04-16 00:00:00-04:00,8,2
4fc7d2e42c31e91b,2013-04-21 00:00:00-04:00,7,1
4fc7d2e42c31e91b,2013-04-22 00:00:00-04:00,7,1
4fc7d2e42c31e91b,2013-04-23 00:00:00-04:00,7,2
4fc7d2e42c31e91b,2013-04-29 00:00:00-04:00,7,2
4fc7d2e42c31e91b,2013-05-10 00:00:00-04:00,15,1
4fc7d2e42c31e91b,2013-05-12 00:00:00-04:00,13,3
4fc7d2e42c31e91b,2013-05-21 00:00:00-04:00,9,2
5c373475c11275cb,2013-03-26 00:00:00-04:00,6,2
5c373475c11275cb,2013-03-27 00:00:00-04:00,6,2
5c373475c11275cb,2013-03-28 00:00:00-04:00,6,2
5c373475c11275cb,2013-03-29 00:00:00-04:00,6,2
5c373475c11275cb,2013-03-30 00:00:00-04:00,7,3
5c373475c11275cb,2013-03-31 00:00:00-04:00,7,3
5c373475c11275cb,2013-04-01 00:00:00-04:00,6,2
5c373475c11275cb,2013-04-02 00:00:00-04:00,8,2
5c373475c11275cb,2013-04-03 00:00:00-04:00,8,2
5c373475c11275cb,2013-04-04 00:00:00-04:00,7,2
5c373475c11275cb,2013-04-05 00:00:00-04:00,7,2
5c373475c11275cb,2013-04-06 00:00:00-04:00,5,2
5c373475c11275cb,2013-04-07 00:00:00-04:00,5,3
5c373475c11275cb,2013-04-08 00:00:00-04:00,8,2
5c373475c11275cb,2013-04-09 00:00:00-04:00,8,2
5c373475c11275cb,2013-04-10 00:00:00-04:00,6,3
5c373475c11275cb,2013-04-11 00:00:00-04:00,7,3
5c373475c11275cb,2013-04-12 00:00:00-04:00,6,2
5c373475c11275cb,2013-04-15 00:00:00-04:00,6,1
5c373475c11275cb,2013-04-16 00:00:00-04:00,6,2
5c373475c11275cb,2013-04-17 00:00:00-04:00,6,2
5c373475c11275cb,2013-04-18 00:00:00-04:00,6,2
5c373475c11275cb,2013-04-19 00:00:00-04:00,6,1
5c373475c11275cb,2013-04-22 00:00:00-04:00,7,1
5c373475c11275cb,2013-04-23 00:00:00-04:00,8,1
5c373475c11275cb,2013-04-30 00:00:00-04:00,6,2
5c373475c11275cb,2013-05-01 00:00:00-04:00,7,3
5c373475c11275cb,2013-05-13 00:00:00-04:00,5,2
6331281a76223853,2013-03-29 00:00:00-04:00,7,2
6331281a76223853,2013-03-30 00:00:00-04:00,8,1
6331281a76223853,2013-03-31 00:00:00-04:00,8,2
6331281a76223853,2013-04-01 00:00:00-04:00,5,4
6331281a76223853,2013-04-02 00:00:00-04:00,8,1
6331281a76223853,2013-04-03 00:00:00-04:00,7,2
6331281a76223853,2013-04-04 00:00:00-04:00,8,2
6331281a76223853,2013-04-05 00:00:00-04:00,4,4
6331281a76223853,2013-04-06 00:00:00-04:00,8,2
6331281a76223853,2013-04-07 00:00:00-04:00,8,2
6331281a76223853,2013-04-08 00:00:00-04:00,8,2
6331281a76223853,2013-04-09 00:00:00-04:00,8,2
6331281a76223853,2013-04-10 00:00:00-04:00,8,1
6331281a76223853,2013-04-11 00:00:00-04:00,8,1
6331281a76223853,2013-04-12 00:00:00-04:00,5,4
6331281a76223853,2013-04-14 00:00:00-04:00,8,2
6331281a76223853,2013-04-15 00:00:00-04:00,8,2
6331281a76223853,2013-04-17 00:00:00-04:00,8,2
6331281a76223853,2013-04-21 00:00:00-04:00,8,2
6331281a76223853,2013-04-22 00:00:00-04:00,6,2
6331281a76223853,2013-04-28 00:00:00-04:00,7,2
6331281a76223853,2013-04-29 00:00:00-04:00,7,2
6331281a76223853,2013-05-01 00:00:00-04:00,7,2
6331281a76223853,2013-05-02 00:00:00-04:00,6,2
6331281a76223853,2013-05-03 00:00:00-04:00,8,2
6331281a76223853,2013-05-05 00:00:00-04:00,8,2
6331281a76223853,2013-05-06 00:00:00-04:00,7,2
6331281a76223853,2013-05-08 00:00:00-04:00,10,1
6331281a76223853,2013-05-09 00:00:00-04:00,10,1
6331281a76223853,2013-05-11 00:00:00-04:00,8,2
6331281a76223853,2013-05-19 00:00:00-04:00,10,1
640c2e12f2e99593,2013-03-28 00:00:00-04:00,8,2
640c2e12f2e99593,2013-03-30 00:00:00-04:00,9,1
640c2e12f2e99593,2013-04-01 00:00:00-04:00,8,2
640c2e12f2e99593,2013-04-02 00:00:00-04:00,8,3
640c2e12f2e99593,2013-04-03 00:00:00-04:00,7,3
640c2e12f2e99593,2013-04-05 00:00:00-04:00,7,3
640c2e12f2e99593,2013-04-08 00:00:00-04:00,8,1
640c2e12f2e99593,2013-04-09 00:00:00-04:00,8,1
640c2e12f2e99593,2013-04-10 00:00:00-04:00,7,3
640c2e12f2e99593,2013-04-14 00:00:00-04:00,4,3
640c2e12f2e99593,2013-04-16 00:00:00-04:00,8,1
640c2e12f2e99593,2013-04-22 00:00:00-04:00,6,3
678efa6567278633,2013-04-01 00:00:00-04:00,7,2
678efa6567278633,2013-04-02 00:00:00-04:00,8,2
678efa6567278633,2013-04-03 00:00:00-04:00,7,3
678efa6567278633,2013-04-04 00:00:00-04:00,8,1
678efa6567278633,2013-04-05 00:00:00-04:00,8,2
678efa6567278633,2013-04-06 00:00:00-04:00,8,2
678efa6567278633,2013-04-07 00:00:00-04:00,8,2
678efa6567278633,2013-04-08 00:00:00-04:00,8,2
678efa6567278633,2013-04-09 00:00:00-04:00,7,2
678efa6567278633,2013-04-10 00:00:00-04:00,8,3
678efa6567278633,2013-04-11 00:00:00-04:00,7,3
678efa6567278633,2013-04-12 00:00:00-04:00,8,3
678efa6567278633,2013-04-13 00:00:00-04:00,9,2
678efa6567278633,2013-04-14 00:00:00-04:00,8,3
678efa6567278633,2013-04-15 00:00:00-04:00,7,2
678efa6567278633,2013-04-16 00:00:00-04:00,6,3
678efa6567278633,2013-04-17 00:00:00-04:00,7,2
678efa6567278633,2013-04-18 00:00:00-04:00,8,2
678efa6567278633,2013-04-21 00:00:00-04:00,8,2
678efa6567278633,2013-04-26 00:00:00-04:00,8,2
678efa6567278633,2013-05-01 00:00:00-04:00,8,2
678efa6567278633,2013-05-03 00:00:00-04:00,6,2
678efa6567278633,2013-05-10 00:00:00-04:00,7,3
6c7d0efd1d78c719,2013-04-02 00:00:00-04:00,7,1
6c7d0efd1d78c719,2013-04-03 00:00:00-04:00,7,2
6c7d0efd1d78c719,2013-04-05 00:00:00-04:00,6,3
6c7d0efd1d78c719,2013-04-08 00:00:00-04:00,8,1
6c7d0efd1d78c719,2013-04-10 00:00:00-04:00,5,1
6c7d0efd1d78c719,2013-04-17 00:00:00-04:00,5,3
6c7d0efd1d78c719,2013-04-21 00:00:00-04:00,6,2
6c7d0efd1d78c719,2013-05-13 00:00:00-04:00,9,1
6c7d0efd1d78c719,2013-05-15 00:00:00-04:00,7,1
6c7d0efd1d78c719,2013-05-18 00:00:00-04:00,15,1
6c7d0efd1d78c719,2013-05-27 00:00:00-04:00,1,2
6c7d0efd1d78c719,2013-05-29 00:00:00-04:00,3,1
6ff3c3fb859bc4e6,2013-03-28 00:00:00-04:00,8,2
6ff3c3fb859bc4e6,2013-03-29 00:00:00-04:00,9,3
6ff3c3fb859bc4e6,2013-03-30 00:00:00-04:00,8,1
6ff3c3fb859bc4e6,2013-03-31 00:00:00-04:00,8,1
6ff3c3fb859bc4e6,2013-04-01 00:00:00-04:00,8,2
6ff3c3fb859bc4e6,2013-04-02 00:00:00-04:00,8,1
6ff3c3fb859bc4e6,2013-04-03 00:00:00-04:00,7,2
6ff3c3fb859bc4e6,2013-04-04 00:00:00-04:00,8,1
6ff3c3fb859bc4e6,2013-04-05 00:00:00-04:00,8,1
6ff3c3fb859bc4e6,2013-04-06 00:00:00-04:00,8,1
6ff3c3fb859bc4e6,2013-04-07 00:00:00-04:00,7,2
6ff3c3fb859bc4e6,2013-04-08 00:00:00-04:00,8,3
6ff3c3fb859bc4e6,2013-04-09 00:00:00-04:00,8,3
6ff3c3fb859bc4e6,2013-04-11 00:00:00-04:00,8,1
6ff3c3fb859bc4e6,2013-04-12 00:00:00-04:00,5,3
6ff3c3fb859bc4e6,2013-04-13 00:00:00-04:00,10,3
6ff3c3fb859bc4e6,2013-04-14 00:00:00-04:00,8,1
6ff3c3fb859bc4e6,2013-04-15 00:00:00-04:00,8,1
6ff3c3fb859bc4e6,2013-04-17 00:00:00-04:00,6,1
6ff3c3fb859bc4e6,2013-04-18 00:00:00-04:00,8,1
6ff3c3fb859bc4e6,2013-04-20 00:00:00-04:00,8,1
6ff3c3fb859bc4e6,2013-04-22 00:00:00-04:00,6,1
70a978fcd4bde4c4,2013-03-29 00:00:00-04:00,7,2
70a978fcd4bde4c4,2013-03-30 00:00:00-04:00,5,2
70a978fcd4bde4c4,2013-04-01 00:00:00-04:00,7,2
70a978fcd4bde4c4,2013-04-02 00:00:00-04:00,9,2
70a978fcd4bde4c4,2013-04-03 00:00:00-04:00,6,2
70a978fcd4bde4c4,2013-04-04 00:00:00-04:00,8,1
70a978fcd4bde4c4,2013-04-05 00:00:00-04:00,6,2
70a978fcd4bde4c4,2013-04-06 00:00:00-04:00,8,2
70a978fcd4bde4c4,2013-04-07 00:00:00-04:00,5,1
70a978fcd4bde4c4,2013-04-09 00:00:00-04:00,6,1
70a978fcd4bde4c4,2013-04-10 00:00:00-04:00,6,3
70a978fcd4bde4c4,2013-04-11 00:00:00-04:00,9,1
70a978fcd4bde4c4,2013-04-12 00:00:00-04:00,7,2
70a978fcd4bde4c4,2013-04-15 00:00:00-04:00,8,1
70a978fcd4bde4c4,2013-04-17 00:00:00-04:00,8,1
70a978fcd4bde4c4,2013-04-18 00:00:00-04:00,7,2
70a978fcd4bde4c4,2013-04-21 00:00:00-04:00,7,1
70a978fcd4bde4c4,2013-04-22 00:00:00-04:00,6,2
70a978fcd4bde4c4,2013-04-23 00:00:00-04:00,7,2
70a978fcd4bde4c4,2013-04-29 00:00:00-04:00,4,3
70a978fcd4bde4c4,2013-05-01 00:00:00-04:00,6,2
70a978fcd4bde4c4,2013-05-02 00:00:00-04:00,9,1
70a978fcd4bde4c4,2013-05-03 00:00:00-04:00,9,1
70a978fcd4bde4c4,2013-05-06 00:00:00-04:00,7,1
70a978fcd4bde4c4,2013-05-09 00:00:00-04:00,8,1
7afd2e21e5ddc153,2013-03-29 00:00:00-04:00,8,1
7afd2e21e5ddc153,2013-03-30 00:00:00-04:00,8,2
7afd2e21e5ddc153,2013-03-31 00:00:00-04:00,4,2
7afd2e21e5ddc153,2013-04-01 00:00:00-04:00,6,2
7afd2e21e5ddc153,2013-04-21 00:00:00-04:00,9,1
7afd2e21e5ddc153,2013-05-21 00:00:00-04:00,7,2
7afd2e21e5ddc153,2013-05-23 00:00:00-04:00,7,2
7afd2e21e5ddc153,2013-05-27 00:00:00-04:00,1,1
7d68780d2921e43a,2013-03-27 00:00:00-04:00,6,3
7d68780d2921e43a,2013-03-28 00:00:00-04:00,8,2
7d68780d2921e43a,2013-03-29 00:00:00-04:00,7,1
7d68780d2921e43a,2013-03-30 00:00:00-04:00,8,1
7d68780d2921e43a,2013-03-31 00:00:00-04:00,9,1
7d68780d2921e43a,2013-04-01 00:00:00-04:00,8,2
7d68780d2921e43a,2013-04-02 00:00:00-04:00,8,1
7d68780d2921e43a,2013-04-03 00:00:00-04:00,7,2
7d68780d2921e43a,2013-04-04 00:00:00-04:00,9,1
7d68780d2921e43a,2013-04-05 00:00:00-04:00,8,1
7d68780d2921e43a,2013-04-08 00:00:00-04:00,8,1
7d68780d2921e43a,2013-04-09 00:00:00-04:00,9,1
7d68780d2921e43a,2013-04-10 00:00:00-04:00,8,2
7d68780d2921e43a,2013-04-11 00:00:00-04:00,7,1
7d68780d2921e43a,2013-04-14 00:00:00-04:00,8,2
7d68780d2921e43a,2013-04-21 00:00:00-04:00,9,1
7d68780d2921e43a,2013-04-30 00:00:00-04:00,8,1
7d68780d2921e43a,2013-05-10 00:00:00-04:00,10,3
7d68780d2921e43a,2013-05-14 00:00:00-04:00,15,1
7ed0af9eea8919f3,2013-03-28 00:00:00-04:00,8,1
7ed0af9eea8919f3,2013-03-29 00:00:00-04:00,8,1
7ed0af9eea8919f3,2013-03-31 00:00:00-04:00,7,2
7ed0af9eea8919f3,2013-04-01 00:00:00-04:00,8,1
7ed0af9eea8919f3,2013-04-03 00:00:00-04:00,8,1
7ed0af9eea8919f3,2013-04-06 00:00:00-04:00,6,2
7ed0af9eea8919f3,2013-04-07 00:00:00-04:00,8,3
7ed0af9eea8919f3,2013-04-08 00:00:00-04:00,8,3
7ed0af9eea8919f3,2013-04-10 00:00:00-04:00,8,1
7ed0af9eea8919f3,2013-04-11 00:00:00-04:00,7,1
7ed0af9eea8919f3,2013-04-12 00:00:00-04:00,8,1
7ed0af9eea8919f3,2013-04-13 00:00:00-04:00,4,2
7ed0af9eea8919f3,2013-04-14 00:00:00-04:00,8,1
7ed0af9eea8919f3,2013-04-15 00:00:00-04:00,7,1
7ed0af9eea8919f3,2013-04-16 00:00:00-04:00,7,1
7ed0af9eea8919f3,2013-04-17 00:00:00-04:00,7,1
7ed0af9eea8919f3,2013-04-18 00:00:00-04:00,4,3
7ed0af9eea8919f3,2013-04-19 00:00:00-04:00,8,1
7ed0af9eea8919f3,2013-04-20 00:00:00-04:00,6,2
7ed0af9eea8919f3,2013-04-22 00:00:00-04:00,8,1
7ed0af9eea8919f3,2013-04-23 00:00:00-04:00,7,1
7ed0af9eea8919f3,2013-04-25 00:00:00-04:00,7,1
7ed0af9eea8919f3,2013-04-26 00:00:00-04:00,8,1
7ed0af9eea8919f3,2013-04-29 00:00:00-04:00,5,2
7ed0af9eea8919f3,2013-05-01 00:00:00-04:00,6,3
7ed0af9eea8919f3,2013-05-02 00:00:00-04:00,9,1
7ed0af9eea8919f3,2013-05-03 00:00:00-04:00,6,2
7ed0af9eea8919f3,2013-05-06 00:00:00-04:00,9,1
83e512f8e224d35c,2013-03-27 00:00:00-04:00,8,1
83e512f8e224d35c,2013-03-28 00:00:00-04:00,8,2
83e512f8e224d35c,2013-03-29 00:00:00-04:00,7,2
83e512f8e224d35c,2013-04-01 00:00:00-04:00,8,1
83e512f8e224d35c,2013-04-02 00:00:00-04:00,8,1
83e512f8e224d35c,2013-04-03 00:00:00-04:00,8,2
83e512f8e224d35c,2013-04-04 00:00:00-04:00,7,2
83e512f8e224d35c,2013-04-05 00:00:00-04:00,7,2
83e512f8e224d35c,2013-04-06 00:00:00-04:00,5,2
83e512f8e224d35c,2013-04-07 00:00:00-04:00,7,2
83e512f8e224d35c,2013-04-08 00:00:00-04:00,8,1
83e512f8e224d35c,2013-04-09 00:00:00-04:00,8,1
83e512f8e224d35c,2013-04-10 00:00:00-04:00,8,1
83e512f8e224d35c,2013-04-11 00:00:00-04:00,7,1
83e512f8e224d35c,2013-04-12 00:00:00-04:00,8,1
83e512f8e224d35c,2013-04-13 00:00:00-04:00,7,2
83e512f8e224d35c,2013-04-14 00:00:00-04:00,8,1
83e512f8e224d35c,2013-04-15 00:00:00-04:00,8,1
83e512f8e224d35c,2013-04-16 00:00:00-04:00,7,2
83e512f8e224d35c,2013-04-17 00:00:00-04:00,7,2
83e512f8e224d35c,2013-04-18 00:00:00-04:00,6,3
83e512f8e224d35c,2013-04-19 00:00:00-04:00,8,1
83e512f8e224d35c,2013-04-22 00:00:00-04:00,3,2
83e512f8e224d35c,2013-04-23 00:00:00-04:00,9,1
83e512f8e224d35c,2013-04-25 00:00:00-04:00,7,2
83e512f8e224d35c,2013-04-26 00:00:00-04:00,8,1
83e512f8e224d35c,2013-04-29 00:00:00-04:00,6,2
83e512f8e224d35c,2013-05-01 00:00:00-04:00,6,2
83e512f8e224d35c,2013-05-02 00:00:00-04:00,8,1
83e512f8e224d35c,2013-05-03 00:00:00-04:00,8,1
83e512f8e224d35c,2013-05-06 00:00:00-04:00,8,1
83e512f8e224d35c,2013-05-10 00:00:00-04:00,10,1
83e512f8e224d35c,2013-05-11 00:00:00-04:00,9,2
83e512f8e224d35c,2013-05-12 00:00:00-04:00,11,1
83e512f8e224d35c,2013-05-13 00:00:00-04:00,10,2
83e512f8e224d35c,2013-05-14 00:00:00-04:00,8,2
83e512f8e224d35c,2013-05-15 00:00:00-04:00,9,2
83e512f8e224d35c,2013-05-16 00:00:00-04:00,6,2
83e512f8e224d35c,2013-05-17 00:00:00-04:00,6,2
83e512f8e224d35c,2013-05-18 00:00:00-04:00,13,1
83e512f8e224d35c,2013-05-19 00:00:00-04:00,12,1
83e512f8e224d35c,2013-05-20 00:00:00-04:00,12,1
83e512f8e224d35c,2013-05-22 00:00:00-04:00,11,1
83e512f8e224d35c,2013-05-24 00:00:00-04:00,11,3
83e512f8e224d35c,2013-05-25 00:00:00-04:00,11,2
83e512f8e224d35c,2013-05-26 00:00:00-04:00,9,2
83e512f8e224d35c,2013-05-27 00:00:00-04:00,6,2
83e512f8e224d35c,2013-05-29 00:00:00-04:00,1,4
83e512f8e224d35c,2013-05-31 00:00:00-04:00,14,1
84b0b4eb371de2e2,2013-03-29 00:00:00-04:00,6,1
84b0b4eb371de2e2,2013-04-01 00:00:00-04:00,6,3
84b0b4eb371de2e2,2013-04-02 00:00:00-04:00,6,1
84b0b4eb371de2e2,2013-04-03 00:00:00-04:00,5,2
84b0b4eb371de2e2,2013-04-04 00:00:00-04:00,7,1
84b0b4eb371de2e2,2013-04-05 00:00:00-04:00,7,1
84b0b4eb371de2e2,2013-04-08 00:00:00-04:00,8,1
84b0b4eb371de2e2,2013-04-09 00:00:00-04:00,8,1
84b0b4eb371de2e2,2013-04-10 00:00:00-04:00,8,1
84b0b4eb371de2e2,2013-04-12 00:00:00-04:00,8,1
84b0b4eb371de2e2,2013-04-14 00:00:00-04:00,8,1
84b0b4eb371de2e2,2013-04-15 00:00:00-04:00,8,1
84b0b4eb371de2e2,2013-04-16 00:00:00-04:00,7,1
84b0b4eb371de2e2,2013-04-17 00:00:00-04:00,7,2
84b0b4eb371de2e2,2013-04-18 00:00:00-04:00,6,1
84b0b4eb371de2e2,2013-04-29 00:00:00-04:00,8,1
84b0b4eb371de2e2,2013-04-30 00:00:00-04:00,6,3
84b0b4eb371de2e2,2013-05-02 00:00:00-04:00,6,2
84b0b4eb371de2e2,2013-05-03 00:00:00-04:00,6,2
84b0b4eb371de2e2,2013-05-06 00:00:00-04:00,6,1
84b0b4eb371de2e2,2013-05-10 00:00:00-04:00,8,1
84b0b4eb371de2e2,2013-05-27 00:00:00-04:00,4,3
94e6b5a99aff8556,2013-03-27 00:00:00-04:00,7,1
94e6b5a99aff8556,2013-03-28 00:00:00-04:00,7,2
94e6b5a99aff8556,2013-04-01 00:00:00-04:00,6,1
94e6b5a99aff8556,2013-04-02 00:00:00-04:00,6,1
94e6b5a99aff8556,2013-04-03 00:00:00-04:00,6,1
94e6b5a99aff8556,2013-04-04 00:00:00-04:00,7,2
94e6b5a99aff8556,2013-04-05 00:00:00-04:00,3,4
94e6b5a99aff8556,2013-04-07 00:00:00-04:00,7,2
94e6b5a99aff8556,2013-04-08 00:00:00-04:00,7,1
94e6b5a99aff8556,2013-04-10 00:00:00-04:00,7,2
94e6b5a99aff8556,2013-04-11 00:00:00-04:00,8,3
94e6b5a99aff8556,2013-04-12 00:00:00-04:00,6,2
9ddbeaee1439194d,2013-03-29 00:00:00-04:00,8,1
9ddbeaee1439194d,2013-03-30 00:00:00-04:00,8,1
9ddbeaee1439194d,2013-04-03 00:00:00-04:00,8,2
9ddbeaee1439194d,2013-04-05 00:00:00-04:00,6,2
9ddbeaee1439194d,2013-04-08 00:00:00-04:00,6,3
9ddbeaee1439194d,2013-04-09 00:00:00-04:00,8,3
9ddbeaee1439194d,2013-04-10 00:00:00-04:00,7,2
9ddbeaee1439194d,2013-04-12 00:00:00-04:00,6,2
9ddbeaee1439194d,2013-04-15 00:00:00-04:00,6,1
9ddbeaee1439194d,2013-04-16 00:00:00-04:00,8,1
9ddbeaee1439194d,2013-04-18 00:00:00-04:00,6,2
9ddbeaee1439194d,2013-04-22 00:00:00-04:00,8,1
9ddbeaee1439194d,2013-05-29 00:00:00-04:00,4,4
ad6e3c7b08dec18b,2013-03-27 00:00:00-04:00,7,2
ad6e3c7b08dec18b,2013-03-28 00:00:00-04:00,7,2
ad6e3c7b08dec18b,2013-03-29 00:00:00-04:00,8,2
ad6e3c7b08dec18b,2013-03-30 00:00:00-04:00,8,1
ad6e3c7b08dec18b,2013-03-31 00:00:00-04:00,9,1
ad6e3c7b08dec18b,2013-04-01 00:00:00-04:00,8,2
ad6e3c7b08dec18b,2013-04-02 00:00:00-04:00,9,1
ad6e3c7b08dec18b,2013-04-03 00:00:00-04:00,8,2
ad6e3c7b08dec18b,2013-04-04 00:00:00-04:00,8,2
ad6e3c7b08dec18b,2013-04-05 00:00:00-04:00,8,1
ad6e3c7b08dec18b,2013-04-06 00:00:00-04:00,10,2
ad6e3c7b08dec18b,2013-04-07 00:00:00-04:00,8,1
ad6e3c7b08dec18b,2013-04-08 00:00:00-04:00,7,2
ad6e3c7b08dec18b,2013-04-09 00:00:00-04:00,8,1
ad6e3c7b08dec18b,2013-04-10 00:00:00-04:00,6,3
ad6e3c7b08dec18b,2013-04-11 00:00:00-04:00,9,2
ad6e3c7b08dec18b,2013-04-12 00:00:00-04:00,6,2
ad6e3c7b08dec18b,2013-04-13 00:00:00-04:00,9,2
ad6e3c7b08dec18b,2013-04-14 00:00:00-04:00,7,3
ad6e3c7b08dec18b,2013-04-15 00:00:00-04:00,5,2
ad6e3c7b08dec18b,2013-04-16 00:00:00-04:00,8,3
ad6e3c7b08dec18b,2013-04-17 00:00:00-04:00,7,2
ad6e3c7b08dec18b,2013-04-18 00:00:00-04:00,7,2
ad6e3c7b08dec18b,2013-04-19 00:00:00-04:00,7,3
ad6e3c7b08dec18b,2013-04-20 00:00:00-04:00,7,2
ad6e3c7b08dec18b,2013-04-21 00:00:00-04:00,8,1
ad6e3c7b08dec18b,2013-04-22 00:00:00-04:00,7,2
ad6e3c7b08dec18b,2013-04-23 00:00:00-04:00,8,3
ad6e3c7b08dec18b,2013-04-26 00:00:00-04:00,9,2
ad6e3c7b08dec18b,2013-04-28 00:00:00-04:00,7,2
ad6e3c7b08dec18b,2013-04-29 00:00:00-04:00,6,3
ad6e3c7b08dec18b,2013-04-30 00:00:00-04:00,6,3
ad6e3c7b08dec18b,2013-05-01 00:00:00-04:00,8,1
ad6e3c7b08dec18b,2013-05-02 00:00:00-04:00,8,2
ad6e3c7b08dec18b,2013-05-03 00:00:00-04:00,9,2
ad6e3c7b08dec18b,2013-05-04 00:00:00-04:00,8,3
ad6e3c7b08dec18b,2013-05-05 00:00:00-04:00,8,2
ad6e3c7b08dec18b,2013-05-06 00:00:00-04:00,7,1
ad6e3c7b08dec18b,2013-05-07 00:00:00-04:00,8,2
ad6e3c7b08dec18b,2013-05-08 00:00:00-04:00,10,2
ad6e3c7b08dec18b,2013-05-10 00:00:00-04:00,9,1
ad6e3c7b08dec18b,2013-05-11 00:00:00-04:00,10,2
ad6e3c7b08dec18b,2013-05-12 00:00:00-04:00,6,2
ad6e3c7b08dec18b,2013-05-13 00:00:00-04:00,13,2
ad6e3c7b08dec18b,2013-05-14 00:00:00-04:00,9,3
ad6e3c7b08dec18b,2013-05-15 00:00:00-04:00,9,2
ad6e3c7b08dec18b,2013-05-17 00:00:00-04:00,8,1
ad6e3c7b08dec18b,2013-05-18 00:00:00-04:00,8,2
ad6e3c7b08dec18b,2013-05-19 00:00:00-04:00,13,1
ad6e3c7b08dec18b,2013-05-20 00:00:00-04:00,9,1
ad6e3c7b08dec18b,2013-05-21 00:00:00-04:00,7,1
ad6e3c7b08dec18b,2013-05-22 00:00:00-04:00,6,2
ad6e3c7b08dec18b,2013-05-23 00:00:00-04:00,6,2
ad6e3c7b08dec18b,2013-05-24 00:00:00-04:00,13,1
ad6e3c7b08dec18b,2013-05-25 00:00:00-04:00,8,1
ad6e3c7b08dec18b,2013-05-26 00:00:00-04:00,9,1
ad6e3c7b08dec18b,2013-05-27 00:00:00-04:00,13,3
ad6e3c7b08dec18b,2013-05-28 00:00:00-04:00,11,3
ad6e3c7b08dec18b,2013-05-29 00:00:00-04:00,1,1
afc0179f4807c4d1,2013-03-28 00:00:00-04:00,7,1
afc0179f4807c4d1,2013-04-01 00:00:00-04:00,7,1
afc0179f4807c4d1,2013-04-02 00:00:00-04:00,8,1
afc0179f4807c4d1,2013-04-03 00:00:00-04:00,7,1
afc0179f4807c4d1,2013-04-05 00:00:00-04:00,7,1
afc0179f4807c4d1,2013-04-29 00:00:00-04:00,5,2
afc0179f4807c4d1,2013-05-13 00:00:00-04:00,7,2
b5e6aa699aa6bb40,2013-03-31 00:00:00-04:00,9,1
b5e6aa699aa6bb40,2013-04-01 00:00:00-04:00,6,3
b5e6aa699aa6bb40,2013-04-02 00:00:00-04:00,7,2
b5e6aa699aa6bb40,2013-04-03 00:00:00-04:00,7,2
b5e6aa699aa6bb40,2013-04-05 00:00:00-04:00,5,3
b5e6aa699aa6bb40,2013-04-06 00:00:00-04:00,8,2
b5e6aa699aa6bb40,2013-04-07 00:00:00-04:00,7,2
b5e6aa699aa6bb40,2013-04-08 00:00:00-04:00,6,2
b5e6aa699aa6bb40,2013-04-10 00:00:00-04:00,7,3
b5e6aa699aa6bb40,2013-04-12 00:00:00-04:00,6,3
b5e6aa699aa6bb40,2013-04-15 00:00:00-04:00,3,4
b5e6aa699aa6bb40,2013-04-17 00:00:00-04:00,7,3
b5e6aa699aa6bb40,2013-04-18 00:00:00-04:00,6,3
b5e6aa699aa6bb40,2013-04-25 00:00:00-04:00,9,1
b5e6aa699aa6bb40,2013-04-26 00:00:00-04:00,6,1
b5e6aa699aa6bb40,2013-04-29 00:00:00-04:00,6,1
b5e6aa699aa6bb40,2013-05-01 00:00:00-04:00,6,2
b5e6aa699aa6bb40,2013-05-03 00:00:00-04:00,5,3
b5e6aa699aa6bb40,2013-05-06 00:00:00-04:00,6,2
b8f706e7df594c66,2013-03-31 00:00:00-04:00,7,2
b8f706e7df594c66,2013-04-01 00:00:00-04:00,9,2
b8f706e7df594c66,2013-04-02 00:00:00-04:00,11,1
b8f706e7df594c66,2013-04-03 00:00:00-04:00,7,3
b8f706e7df594c66,2013-04-04 00:00:00-04:00,7,2
b8f706e7df594c66,2013-04-05 00:00:00-04:00,6,2
b8f706e7df594c66,2013-04-06 00:00:00-04:00,7,3
b8f706e7df594c66,2013-04-07 00:00:00-04:00,10,2
b8f706e7df594c66,2013-04-08 00:00:00-04:00,7,2
b8f706e7df594c66,2013-04-09 00:00:00-04:00,7,2
b8f706e7df594c66,2013-04-10 00:00:00-04:00,7,2
b8f706e7df594c66,2013-04-11 00:00:00-04:00,7,2
b8f706e7df594c66,2013-04-12 00:00:00-04:00,7,2
b8f706e7df594c66,2013-04-13 00:00:00-04:00,7,3
b8f706e7df594c66,2013-04-14 00:00:00-04:00,10,1
b8f706e7df594c66,2013-04-15 00:00:00-04:00,8,2
b8f706e7df594c66,2013-04-16 00:00:00-04:00,9,2
b8f706e7df594c66,2013-04-17 00:00:00-04:00,7,3
b8f706e7df594c66,2013-04-18 00:00:00-04:00,9,3
b8f706e7df594c66,2013-04-19 00:00:00-04:00,7,2
b8f706e7df594c66,2013-04-20 00:00:00-04:00,8,3
b8f706e7df594c66,2013-04-22 00:00:00-04:00,8,2
b8f706e7df594c66,2013-04-23 00:00:00-04:00,7,3
b8f706e7df594c66,2013-04-24 00:00:00-04:00,8,3
b8f706e7df594c66,2013-04-25 00:00:00-04:00,6,3
b8f706e7df594c66,2013-04-26 00:00:00-04:00,9,2
b8f706e7df594c66,2013-04-27 00:00:00-04:00,8,3
b8f706e7df594c66,2013-04-28 00:00:00-04:00,8,4
b8f706e7df594c66,2013-04-29 00:00:00-04:00,6,2
b8f706e7df594c66,2013-04-30 00:00:00-04:00,9,3
b8f706e7df594c66,2013-05-01 00:00:00-04:00,9,2
b8f706e7df594c66,2013-05-03 00:00:00-04:00,9,2
b8f706e7df594c66,2013-05-05 00:00:00-04:00,9,2
b8f706e7df594c66,2013-05-06 00:00:00-04:00,8,2
b8f706e7df594c66,2013-05-08 00:00:00-04:00,8,2
b8f706e7df594c66,2013-05-10 00:00:00-04:00,9,2
b8f706e7df594c66,2013-05-12 00:00:00-04:00,1,3
b8f706e7df594c66,2013-05-14 00:00:00-04:00,15,3
b8f706e7df594c66,2013-05-18 00:00:00-04:00,11,2
b8f706e7df594c66,2013-05-19 00:00:00-04:00,4,3
b8f706e7df594c66,2013-05-20 00:00:00-04:00,14,2
b8f706e7df594c66,2013-05-22 00:00:00-04:00,9,2
b8f706e7df594c66,2013-05-25 00:00:00-04:00,10,3
b8f706e7df594c66,2013-05-27 00:00:00-04:00,12,2
b8f706e7df594c66,2013-05-28 00:00:00-04:00,6,2
b8f706e7df594c66,2013-06-03 00:00:00-04:00,12,2
bcf5858b23ad5d6c,2013-03-27 00:00:00-04:00,8,1
bcf5858b23ad5d6c,2013-03-28 00:00:00-04:00,8,2
bcf5858b23ad5d6c,2013-03-29 00:00:00-04:00,8,2
c053adfef70960b7,2013-03-28 00:00:00-04:00,8,1
c053adfef70960b7,2013-03-29 00:00:00-04:00,7,2
c053adfef70960b7,2013-03-30 00:00:00-04:00,7,2
c053adfef70960b7,2013-03-31 00:00:00-04:00,7,2
c053adfef70960b7,2013-04-01 00:00:00-04:00,6,4
c053adfef70960b7,2013-04-02 00:00:00-04:00,6,4
c053adfef70960b7,2013-04-03 00:00:00-04:00,0,4
c053adfef70960b7,2013-04-04 00:00:00-04:00,8,2
c053adfef70960b7,2013-04-05 00:00:00-04:00,7,1
c053adfef70960b7,2013-04-06 00:00:00-04:00,10,1
c053adfef70960b7,2013-04-07 00:00:00-04:00,9,2
c053adfef70960b7,2013-04-08 00:00:00-04:00,6,1
c053adfef70960b7,2013-04-09 00:00:00-04:00,10,1
c053adfef70960b7,2013-04-10 00:00:00-04:00,6,2
c053adfef70960b7,2013-04-11 00:00:00-04:00,8,2
c053adfef70960b7,2013-04-12 00:00:00-04:00,8,2
c053adfef70960b7,2013-04-13 00:00:00-04:00,10,1
c053adfef70960b7,2013-04-14 00:00:00-04:00,8,2
c053adfef70960b7,2013-04-15 00:00:00-04:00,4,3
c053adfef70960b7,2013-04-16 00:00:00-04:00,13,1
c053adfef70960b7,2013-04-17 00:00:00-04:00,2,4
c053adfef70960b7,2013-04-18 00:00:00-04:00,8,2
c053adfef70960b7,2013-04-19 00:00:00-04:00,6,3
c053adfef70960b7,2013-04-20 00:00:00-04:00,12,1
c053adfef70960b7,2013-04-22 00:00:00-04:00,5,3
c053adfef70960b7,2013-04-24 00:00:00-04:00,8,2
c053adfef70960b7,2013-04-26 00:00:00-04:00,4,3
c053adfef70960b7,2013-04-30 00:00:00-04:00,8,1
c053adfef70960b7,2013-05-03 00:00:00-04:00,0,4
c053adfef70960b7,2013-05-06 00:00:00-04:00,5,2
c053adfef70960b7,2013-05-07 00:00:00-04:00,8,2
c053adfef70960b7,2013-05-08 00:00:00-04:00,9,2
c053adfef70960b7,2013-05-09 00:00:00-04:00,7,2
c053adfef70960b7,2013-05-11 00:00:00-04:00,16,2
c053adfef70960b7,2013-05-13 00:00:00-04:00,1,4
c053adfef70960b7,2013-05-23 00:00:00-04:00,9,2
c053adfef70960b7,2013-05-24 00:00:00-04:00,2,4
c053adfef70960b7,2013-05-29 00:00:00-04:00,1,4
c8f5504447e51c4f,2013-03-27 00:00:00-04:00,8,1
c8f5504447e51c4f,2013-03-28 00:00:00-04:00,8,1
c8f5504447e51c4f,2013-03-29 00:00:00-04:00,7,1
c8f5504447e51c4f,2013-03-31 00:00:00-04:00,7,1
c8f5504447e51c4f,2013-04-01 00:00:00-04:00,7,1
c8f5504447e51c4f,2013-04-02 00:00:00-04:00,9,1
c8f5504447e51c4f,2013-04-03 00:00:00-04:00,5,2
c8f5504447e51c4f,2013-04-05 00:00:00-04:00,5,1
c8f5504447e51c4f,2013-04-06 00:00:00-04:00,8,1
c8f5504447e51c4f,2013-04-08 00:00:00-04:00,7,1
c8f5504447e51c4f,2013-04-09 00:00:00-04:00,7,1
c8f5504447e51c4f,2013-04-10 00:00:00-04:00,5,4
c8f5504447e51c4f,2013-04-11 00:00:00-04:00,5,3
c8f5504447e51c4f,2013-04-12 00:00:00-04:00,0,4
c8f5504447e51c4f,2013-04-14 00:00:00-04:00,5,1
c8f5504447e51c4f,2013-04-17 00:00:00-04:00,7,2
c8f5504447e51c4f,2013-04-18 00:00:00-04:00,6,1
c8f5504447e51c4f,2013-04-21 00:00:00-04:00,7,1
c8f5504447e51c4f,2013-04-30 00:00:00-04:00,0,4
c8f5504447e51c4f,2013-05-02 00:00:00-04:00,4,2
c8f5504447e51c4f,2013-05-03 00:00:00-04:00,7,3
c8f5504447e51c4f,2013-05-15 00:00:00-04:00,8,1
c8f5504447e51c4f,2013-05-26 00:00:00-04:00,1,1
c8f5504447e51c4f,2013-05-29 00:00:00-04:00,1,1
cd6251b4de52453b,2013-03-25 00:00:00-04:00,8,1
cd6251b4de52453b,2013-03-26 00:00:00-04:00,8,1
cd6251b4de52453b,2013-03-27 00:00:00-04:00,6,2
cd6251b4de52453b,2013-03-28 00:00:00-04:00,8,1
cd6251b4de52453b,2013-03-29 00:00:00-04:00,8,1
cd6251b4de52453b,2013-03-31 00:00:00-04:00,9,2
cd6251b4de52453b,2013-04-01 00:00:00-04:00,3,4
cd6251b4de52453b,2013-04-03 00:00:00-04:00,5,3
cd6251b4de52453b,2013-04-04 00:00:00-04:00,10,2
cd6251b4de52453b,2013-04-05 00:00:00-04:00,4,1
cd6251b4de52453b,2013-04-06 00:00:00-04:00,9,2
cd6251b4de52453b,2013-04-07 00:00:00-04:00,9,1
cd6251b4de52453b,2013-04-08 00:00:00-04:00,4,3
cd6251b4de52453b,2013-04-09 00:00:00-04:00,6,3
cd6251b4de52453b,2013-04-10 00:00:00-04:00,5,1
cd6251b4de52453b,2013-04-11 00:00:00-04:00,8,1
cd6251b4de52453b,2013-04-12 00:00:00-04:00,3,1
cd6251b4de52453b,2013-04-13 00:00:00-04:00,14,1
cd6251b4de52453b,2013-04-14 00:00:00-04:00,9,1
cd6251b4de52453b,2013-04-15 00:00:00-04:00,3,4
cd6251b4de52453b,2013-04-17 00:00:00-04:00,3,4
cd6251b4de52453b,2013-04-20 00:00:00-04:00,8,1
cd6251b4de52453b,2013-04-21 00:00:00-04:00,8,2
cd6251b4de52453b,2013-04-22 00:00:00-04:00,3,4
cd6251b4de52453b,2013-04-23 00:00:00-04:00,6,3
cd6251b4de52453b,2013-04-24 00:00:00-04:00,9,1
cd6251b4de52453b,2013-04-25 00:00:00-04:00,5,3
cd6251b4de52453b,2013-05-01 00:00:00-04:00,3,4
cd6251b4de52453b,2013-05-05 00:00:00-04:00,10,1
cd6251b4de52453b,2013-05-06 00:00:00-04:00,9,1
cd6251b4de52453b,2013-05-08 00:00:00-04:00,6,1
cd6251b4de52453b,2013-05-09 00:00:00-04:00,10,2
cd6251b4de52453b,2013-05-10 00:00:00-04:00,11,1
cd6251b4de52453b,2013-05-13 00:00:00-04:00,15,1
cd6251b4de52453b,2013-05-16 00:00:00-04:00,10,1
cd6251b4de52453b,2013-05-17 00:00:00-04:00,9,2
cd6251b4de52453b,2013-05-23 00:00:00-04:00,9,2
cd6251b4de52453b,2013-05-24 00:00:00-04:00,9,2
cd6251b4de52453b,2013-05-25 00:00:00-04:00,7,3
cd6251b4de52453b,2013-05-26 00:00:00-04:00,12,2
cd6251b4de52453b,2013-05-28 00:00:00-04:00,9,3
cd6251b4de52453b,2013-05-29 00:00:00-04:00,1,1
cd6251b4de52453b,2013-05-31 00:00:00-04:00,10,2
cd6251b4de52453b,2013-06-02 00:00:00-04:00,9,1
cda188c15b09fbc7,2013-03-26 00:00:00-04:00,6,2
cda188c15b09fbc7,2013-03-27 00:00:00-04:00,6,2
cda188c15b09fbc7,2013-03-28 00:00:00-04:00,7,3
cda188c15b09fbc7,2013-03-29 00:00:00-04:00,6,3
cda188c15b09fbc7,2013-03-30 00:00:00-04:00,9,2
cda188c15b09fbc7,2013-03-31 00:00:00-04:00,8,2
cda188c15b09fbc7,2013-04-01 00:00:00-04:00,7,2
cda188c15b09fbc7,2013-04-02 00:00:00-04:00,7,1
cda188c15b09fbc7,2013-04-03 00:00:00-04:00,7,2
cda188c15b09fbc7,2013-04-04 00:00:00-04:00,5,2
cda188c15b09fbc7,2013-04-05 00:00:00-04:00,7,2
cda188c15b09fbc7,2013-04-08 00:00:00-04:00,5,1
cda188c15b09fbc7,2013-04-10 00:00:00-04:00,8,2
cda188c15b09fbc7,2013-04-11 00:00:00-04:00,8,1
cda188c15b09fbc7,2013-04-12 00:00:00-04:00,8,2
cda188c15b09fbc7,2013-04-13 00:00:00-04:00,7,3
cda188c15b09fbc7,2013-04-15 00:00:00-04:00,7,2
cda188c15b09fbc7,2013-04-17 00:00:00-04:00,6,3
cda188c15b09fbc7,2013-04-22 00:00:00-04:00,7,2
cda188c15b09fbc7,2013-04-23 00:00:00-04:00,8,1
cda188c15b09fbc7,2013-05-02 00:00:00-04:00,8,3
d853ba7bf3a89249,2013-03-27 00:00:00-04:00,6,2
d853ba7bf3a89249,2013-03-28 00:00:00-04:00,8,1
d853ba7bf3a89249,2013-03-29 00:00:00-04:00,8,1
d853ba7bf3a89249,2013-03-30 00:00:00-04:00,7,3
d853ba7bf3a89249,2013-03-31 00:00:00-04:00,9,1
d853ba7bf3a89249,2013-04-01 00:00:00-04:00,7,2
d853ba7bf3a89249,2013-04-02 00:00:00-04:00,8,1
d853ba7bf3a89249,2013-04-03 00:00:00-04:00,8,1
d853ba7bf3a89249,2013-04-04 00:00:00-04:00,7,3
d853ba7bf3a89249,2013-04-05 00:00:00-04:00,8,2
d853ba7bf3a89249,2013-04-08 00:00:00-04:00,5,1
d853ba7bf3a89249,2013-04-10 00:00:00-04:00,6,1
d853ba7bf3a89249,2013-04-11 00:00:00-04:00,8,1
d853ba7bf3a89249,2013-04-12 00:00:00-04:00,7,2
d853ba7bf3a89249,2013-04-13 00:00:00-04:00,9,1
d853ba7bf3a89249,2013-04-14 00:00:00-04:00,8,1
d853ba7bf3a89249,2013-04-15 00:00:00-04:00,6,2
d853ba7bf3a89249,2013-04-16 00:00:00-04:00,6,3
d853ba7bf3a89249,2013-04-30 00:00:00-04:00,7,1
d853ba7bf3a89249,2013-05-03 00:00:00-04:00,8,3
d853ba7bf3a89249,2013-05-16 00:00:00-04:00,11,1
d853ba7bf3a89249,2013-05-25 00:00:00-04:00,11,1
d853ba7bf3a89249,2013-05-31 00:00:00-04:00,11,1
d853ba7bf3a89249,2013-06-03 00:00:00-04:00,11,1
da1b3717d0ae0754,2013-03-29 00:00:00-04:00,7,2
da1b3717d0ae0754,2013-03-30 00:00:00-04:00,10,1
da1b3717d0ae0754,2013-03-31 00:00:00-04:00,8,2
da1b3717d0ae0754,2013-04-01 00:00:00-04:00,7,3
da1b3717d0ae0754,2013-04-02 00:00:00-04:00,10,1
da1b3717d0ae0754,2013-04-04 00:00:00-04:00,8,2
da1b3717d0ae0754,2013-04-09 00:00:00-04:00,8,2
da1b3717d0ae0754,2013-04-10 00:00:00-04:00,8,2
da1b3717d0ae0754,2013-04-11 00:00:00-04:00,7,1
da1b3717d0ae0754,2013-04-12 00:00:00-04:00,7,3
da1b3717d0ae0754,2013-04-22 00:00:00-04:00,8,1
da1b3717d0ae0754,2013-05-12 00:00:00-04:00,6,3
e6f9550c1a45e908,2013-03-26 00:00:00-04:00,6,2
e6f9550c1a45e908,2013-03-27 00:00:00-04:00,6,1
e6f9550c1a45e908,2013-03-28 00:00:00-04:00,10,3
e6f9550c1a45e908,2013-03-29 00:00:00-04:00,6,3
e6f9550c1a45e908,2013-03-30 00:00:00-04:00,10,2
e6f9550c1a45e908,2013-03-31 00:00:00-04:00,7,3
e6f9550c1a45e908,2013-04-01 00:00:00-04:00,6,2
e6f9550c1a45e908,2013-04-02 00:00:00-04:00,8,2
e6f9550c1a45e908,2013-04-03 00:00:00-04:00,6,3
e6f9550c1a45e908,2013-04-04 00:00:00-04:00,8,2
e6f9550c1a45e908,2013-04-05 00:00:00-04:00,6,3
e6f9550c1a45e908,2013-04-06 00:00:00-04:00,6,3
e6f9550c1a45e908,2013-04-07 00:00:00-04:00,8,1
e6f9550c1a45e908,2013-04-10 00:00:00-04:00,6,2
e6f9550c1a45e908,2013-04-11 00:00:00-04:00,7,1
e6f9550c1a45e908,2013-04-14 00:00:00-04:00,8,1
e6f9550c1a45e908,2013-04-15 00:00:00-04:00,10,1
e6f9550c1a45e908,2013-04-16 00:00:00-04:00,9,2
e6f9550c1a45e908,2013-04-18 00:00:00-04:00,8,2
e6f9550c1a45e908,2013-04-20 00:00:00-04:00,7,1
e6f9550c1a45e908,2013-04-21 00:00:00-04:00,6,1
e6f9550c1a45e908,2013-04-22 00:00:00-04:00,0,4
e6f9550c1a45e908,2013-04-23 00:00:00-04:00,8,1
e6f9550c1a45e908,2013-04-24 00:00:00-04:00,8,1
e6f9550c1a45e908,2013-04-25 00:00:00-04:00,9,1
e6f9550c1a45e908,2013-04-26 00:00:00-04:00,7,2
e6f9550c1a45e908,2013-05-01 00:00:00-04:00,6,2
e6f9550c1a45e908,2013-05-03 00:00:00-04:00,8,1
e6f9550c1a45e908,2013-05-05 00:00:00-04:00,8,1
e6f9550c1a45e908,2013-05-06 00:00:00-04:00,8,1
e6f9550c1a45e908,2013-05-09 00:00:00-04:00,12,1
e6f9550c1a45e908,2013-05-11 00:00:00-04:00,15,1
e6f9550c1a45e908,2013-05-15 00:00:00-04:00,7,2
e6f9550c1a45e908,2013-05-19 00:00:00-04:00,9,2
e6f9550c1a45e908,2013-05-23 00:00:00-04:00,1,3
