hashed_uid,date,stress_level
02b34100f41b4332,2013-03-28 00:00:00-04:00,1
02b34100f41b4332,2013-03-30 00:00:00-04:00,2
02b34100f41b4332,2013-04-11 00:00:00-04:00,3
02b34100f41b4332,2013-04-14 00:00:00-04:00,3
02b34100f41b4332,2013-04-15 00:00:00-04:00,3
02b34100f41b4332,2013-04-16 00:00:00-04:00,3
02b34100f41b4332,2013-04-17 00:00:00-04:00,2
02b34100f41b4332,2013-04-18 00:00:00-04:00,3
02b34100f41b4332,2013-04-20 00:00:00-04:00,2
02b34100f41b4332,2013-04-21 00:00:00-04:00,3
02b34100f41b4332,2013-04-23 00:00:00-04:00,3
02b34100f41b4332,2013-04-26 00:00:00-04:00,3
02b34100f41b4332,2013-04-29 00:00:00-04:00,3
02b34100f41b4332,2013-04-30 00:00:00-04:00,3
02b34100f41b4332,2013-05-01 00:00:00-04:00,3
02b34100f41b4332,2013-05-02 00:00:00-04:00,3
02b34100f41b4332,2013-05-04 00:00:00-04:00,3
02b34100f41b4332,2013-05-07 00:00:00-04:00,3
02b34100f41b4332,2013-05-08 00:00:00-04:00,3
02b34100f41b4332,2013-05-09 00:00:00-04:00,3
02b34100f41b4332,2013-05-11 00:00:00-04:00,3
02b34100f41b4332,2013-05-14 00:00:00-04:00,3
02b34100f41b4332,2013-05-17 00:00:00-04:00,3
02b34100f41b4332,2013-05-19 00:00:00-04:00,3
02b34100f41b4332,2013-05-20 00:00:00-04:00,3
02b34100f41b4332,2013-05-21 00:00:00-04:00,3
02b34100f41b4332,2013-05-22 00:00:00-04:00,3
02b34100f41b4332,2013-05-24 00:00:00-04:00,3
02b34100f41b4332,2013-05-25 00:00:00-04:00,3
02b34100f41b4332,2013-05-28 00:00:00-04:00,3
02b34100f41b4332,2013-05-31 00:00:00-04:00,3
02b34100f41b4332,2013-06-01 00:00:00-04:00,3
047dd3752ee95148,2013-03-28 00:00:00-04:00,4
047dd3752ee95148,2013-03-29 00:00:00-04:00,5
047dd3752ee95148,2013-03-30 00:00:00-04:00,3
047dd3752ee95148,2013-04-02 00:00:00-04:00,4
047dd3752ee95148,2013-04-04 00:00:00-04:00,4
047dd3752ee95148,2013-04-05 00:00:00-04:00,1
047dd3752ee95148,2013-04-12 00:00:00-04:00,4
047dd3752ee95148,2013-04-14 00:00:00-04:00,1
047dd3752ee95148,2013-04-15 00:00:00-04:00,1
047dd3752ee95148,2013-04-16 00:00:00-04:00,1
047dd3752ee95148,2013-04-17 00:00:00-04:00,1
04e98184146d8c31,2013-03-28 00:00:00-04:00,2
04e98184146d8c31,2013-03-29 00:00:00-04:00,1
04e98184146d8c31,2013-03-30 00:00:00-04:00,1
04e98184146d8c31,2013-04-02 00:00:00-04:00,1
04e98184146d8c31,2013-04-03 00:00:00-04:00,1
04e98184146d8c31,2013-04-04 00:00:00-04:00,1
04e98184146d8c31,2013-04-05 00:00:00-04:00,1
04e98184146d8c31,2013-04-08 00:00:00-04:00,3
04e98184146d8c31,2013-04-10 00:00:00-04:00,3
04e98184146d8c31,2013-04-14 00:00:00-04:00,2
04e98184146d8c31,2013-04-15 00:00:00-04:00,1
04e98184146d8c31,2013-04-16 00:00:00-04:00,1
04e98184146d8c31,2013-04-17 00:00:00-04:00,2
04e98184146d8c31,2013-04-18 00:00:00-04:00,2
04e98184146d8c31,2013-04-25 00:00:00-04:00,4
04e98184146d8c31,2013-04-26 00:00:00-04:00,1
04e98184146d8c31,2013-04-28 00:00:00-04:00,2
04e98184146d8c31,2013-05-07 00:00:00-04:00,1
04e98184146d8c31,2013-05-08 00:00:00-04:00,4
24a62f53b639939c,2013-03-27 00:00:00-04:00,1
24a62f53b639939c,2013-03-28 00:00:00-04:00,2
24a62f53b639939c,2013-03-29 00:00:00-04:00,1
24a62f53b639939c,2013-03-30 00:00:00-04:00,1
24a62f53b639939c,2013-03-31 00:00:00-04:00,1
24a62f53b639939c,2013-04-01 00:00:00-04:00,4
24a62f53b639939c,2013-04-05 00:00:00-04:00,1
24a62f53b639939c,2013-04-06 00:00:00-04:00,1
24a62f53b639939c,2013-04-07 00:00:00-04:00,2
24a62f53b639939c,2013-04-08 00:00:00-04:00,1
24a62f53b639939c,2013-04-09 00:00:00-04:00,1
24a62f53b639939c,2013-04-12 00:00:00-04:00,1
24a62f53b639939c,2013-04-13 00:00:00-04:00,2
24a62f53b639939c,2013-04-14 00:00:00-04:00,1
24a62f53b639939c,2013-04-15 00:00:00-04:00,1
24a62f53b639939c,2013-04-17 00:00:00-04:00,2
24a62f53b639939c,2013-04-29 00:00:00-04:00,2
24a62f53b639939c,2013-05-13 00:00:00-04:00,1
24a62f53b639939c,2013-05-15 00:00:00-04:00,2
24a62f53b639939c,2013-05-17 00:00:00-04:00,3
24a62f53b639939c,2013-05-18 00:00:00-04:00,1
24a62f53b639939c,2013-05-20 00:00:00-04:00,2
24a62f53b639939c,2013-05-22 00:00:00-04:00,2
26119daf181335b2,2013-03-27 00:00:00-04:00,4
26119daf181335b2,2013-03-28 00:00:00-04:00,4
26119daf181335b2,2013-03-29 00:00:00-04:00,5
26119daf181335b2,2013-03-30 00:00:00-04:00,1
26119daf181335b2,2013-03-31 00:00:00-04:00,2
26119daf181335b2,2013-04-03 00:00:00-04:00,1
26119daf181335b2,2013-04-04 00:00:00-04:00,4
26119daf181335b2,2013-04-05 00:00:00-04:00,4
26119daf181335b2,2013-04-06 00:00:00-04:00,5
26119daf181335b2,2013-04-07 00:00:00-04:00,1
26119daf181335b2,2013-04-09 00:00:00-04:00,2
26119daf181335b2,2013-04-10 00:00:00-04:00,1
26119daf181335b2,2013-04-11 00:00:00-04:00,1
26119daf181335b2,2013-04-13 00:00:00-04:00,4
26119daf181335b2,2013-04-14 00:00:00-04:00,1
26119daf181335b2,2013-04-15 00:00:00-04:00,1
26119daf181335b2,2013-04-16 00:00:00-04:00,1
26119daf181335b2,2013-04-17 00:00:00-04:00,1
26119daf181335b2,2013-04-18 00:00:00-04:00,4
26119daf181335b2,2013-04-20 00:00:00-04:00,4
26119daf181335b2,2013-04-26 00:00:00-04:00,1
26119daf181335b2,2013-04-28 00:00:00-04:00,2
26119daf181335b2,2013-04-29 00:00:00-04:00,3
26119daf181335b2,2013-04-30 00:00:00-04:00,2
26119daf181335b2,2013-05-07 00:00:00-04:00,1
2c1946301ae0a12c,2013-04-02 00:00:00-04:00,4
2c1946301ae0a12c,2013-04-03 00:00:00-04:00,5
2c1946301ae0a12c,2013-04-04 00:00:00-04:00,4
2c1946301ae0a12c,2013-04-05 00:00:00-04:00,4
2c1946301ae0a12c,2013-04-06 00:00:00-04:00,1
2c1946301ae0a12c,2013-04-07 00:00:00-04:00,1
2c1946301ae0a12c,2013-04-08 00:00:00-04:00,4
2c1946301ae0a12c,2013-04-09 00:00:00-04:00,1
2c1946301ae0a12c,2013-04-10 00:00:00-04:00,2
2c1946301ae0a12c,2013-04-11 00:00:00-04:00,1
2c1946301ae0a12c,2013-04-12 00:00:00-04:00,1
2c1946301ae0a12c,2013-04-13 00:00:00-04:00,1
2c1946301ae0a12c,2013-04-15 00:00:00-04:00,4
2c1946301ae0a12c,2013-04-16 00:00:00-04:00,1
2c1946301ae0a12c,2013-04-18 00:00:00-04:00,1
2c1946301ae0a12c,2013-04-20 00:00:00-04:00,1
2c1946301ae0a12c,2013-04-21 00:00:00-04:00,1
2c1946301ae0a12c,2013-04-22 00:00:00-04:00,2
2c1946301ae0a12c,2013-04-23 00:00:00-04:00,1
2c1946301ae0a12c,2013-04-24 00:00:00-04:00,1
2c1946301ae0a12c,2013-04-25 00:00:00-04:00,1
2c1946301ae0a12c,2013-04-26 00:00:00-04:00,1
2c1946301ae0a12c,2013-04-27 00:00:00-04:00,1
2c1946301ae0a12c,2013-04-29 00:00:00-04:00,3
2c1946301ae0a12c,2013-04-30 00:00:00-04:00,1
2c1946301ae0a12c,2013-05-01 00:00:00-04:00,1
2c1946301ae0a12c,2013-05-02 00:00:00-04:00,1
2c1946301ae0a12c,2013-05-03 00:00:00-04:00,1
2c1946301ae0a12c,2013-05-04 00:00:00-04:00,1
2c1946301ae0a12c,2013-05-05 00:00:00-04:00,1
2c1946301ae0a12c,2013-05-06 00:00:00-04:00,4
2c1946301ae0a12c,2013-05-07 00:00:00-04:00,1
2c1946301ae0a12c,2013-05-08 00:00:00-04:00,1
2c1946301ae0a12c,2013-05-09 00:00:00-04:00,1
2c1946301ae0a12c,2013-05-12 00:00:00-04:00,4
2c1946301ae0a12c,2013-05-13 00:00:00-04:00,1
2c1946301ae0a12c,2013-05-14 00:00:00-04:00,3
2c1946301ae0a12c,2013-05-15 00:00:00-04:00,4
2c1946301ae0a12c,2013-05-16 00:00:00-04:00,4
2c1946301ae0a12c,2013-05-17 00:00:00-04:00,4
2c1946301ae0a12c,2013-05-18 00:00:00-04:00,1
2c1946301ae0a12c,2013-05-19 00:00:00-04:00,1
2c1946301ae0a12c,2013-05-20 00:00:00-04:00,1
2c1946301ae0a12c,2013-05-21 00:00:00-04:00,1
2c1946301ae0a12c,2013-05-22 00:00:00-04:00,1
2c1946301ae0a12c,2013-05-23 00:00:00-04:00,1
2c1946301ae0a12c,2013-05-24 00:00:00-04:00,1
2c1946301ae0a12c,2013-05-27 00:00:00-04:00,2
2c1946301ae0a12c,2013-05-31 00:00:00-04:00,5
37985280ff34ce04,2013-03-27 00:00:00-04:00,4
37985280ff34ce04,2013-03-28 00:00:00-04:00,1
37985280ff34ce04,2013-03-29 00:00:00-04:00,4
37985280ff34ce04,2013-03-30 00:00:00-04:00,4
37985280ff34ce04,2013-03-31 00:00:00-04:00,5
37985280ff34ce04,2013-04-03 00:00:00-04:00,2
37985280ff34ce04,2013-04-05 00:00:00-04:00,1
37985280ff34ce04,2013-04-06 00:00:00-04:00,4
37985280ff34ce04,2013-04-07 00:00:00-04:00,1
37985280ff34ce04,2013-04-08 00:00:00-04:00,1
37985280ff34ce04,2013-04-09 00:00:00-04:00,1
37985280ff34ce04,2013-04-11 00:00:00-04:00,1
37985280ff34ce04,2013-04-13 00:00:00-04:00,1
37985280ff34ce04,2013-04-14 00:00:00-04:00,2
37985280ff34ce04,2013-04-15 00:00:00-04:00,1
37985280ff34ce04,2013-04-16 00:00:00-04:00,2
37985280ff34ce04,2013-04-17 00:00:00-04:00,4
37985280ff34ce04,2013-04-18 00:00:00-04:00,4
37985280ff34ce04,2013-04-20 00:00:00-04:00,4
37985280ff34ce04,2013-04-23 00:00:00-04:00,1
37985280ff34ce04,2013-04-25 00:00:00-04:00,1
37985280ff34ce04,2013-04-28 00:00:00-04:00,2
37985280ff34ce04,2013-04-29 00:00:00-04:00,2
37985280ff34ce04,2013-04-30 00:00:00-04:00,2
37985280ff34ce04,2013-05-03 00:00:00-04:00,1
37985280ff34ce04,2013-05-06 00:00:00-04:00,1
37985280ff34ce04,2013-05-07 00:00:00-04:00,1
37985280ff34ce04,2013-05-08 00:00:00-04:00,1
3aa20551bd1c2cec,2013-04-02 00:00:00-04:00,5
3aa20551bd1c2cec,2013-04-03 00:00:00-04:00,4
3aa20551bd1c2cec,2013-04-05 00:00:00-04:00,4
3aa20551bd1c2cec,2013-04-06 00:00:00-04:00,1
3aa20551bd1c2cec,2013-04-08 00:00:00-04:00,5
3aa20551bd1c2cec,2013-04-09 00:00:00-04:00,1
3aa20551bd1c2cec,2013-04-12 00:00:00-04:00,5
3aa20551bd1c2cec,2013-04-13 00:00:00-04:00,5
3aa20551bd1c2cec,2013-04-14 00:00:00-04:00,5
3aa20551bd1c2cec,2013-04-16 00:00:00-04:00,5
3aa20551bd1c2cec,2013-04-18 00:00:00-04:00,5
3aa20551bd1c2cec,2013-04-29 00:00:00-04:00,4
3aa20551bd1c2cec,2013-05-05 00:00:00-04:00,1
3aa20551bd1c2cec,2013-05-06 00:00:00-04:00,1
3aa20551bd1c2cec,2013-05-07 00:00:00-04:00,1
3aa20551bd1c2cec,2013-05-08 00:00:00-04:00,1
3aa20551bd1c2cec,2013-05-17 00:00:00-04:00,2
3aa20551bd1c2cec,2013-05-20 00:00:00-04:00,3
3aa20551bd1c2cec,2013-05-25 00:00:00-04:00,1
3b3d3be78f618b7b,2013-04-02 00:00:00-04:00,1
3b3d3be78f618b7b,2013-04-09 00:00:00-04:00,1
3b3d3be78f618b7b,2013-04-10 00:00:00-04:00,1
3b3d3be78f618b7b,2013-04-13 00:00:00-04:00,1
3b3d3be78f618b7b,2013-04-16 00:00:00-04:00,1
3b3d3be78f618b7b,2013-04-17 00:00:00-04:00,1
3b3d3be78f618b7b,2013-04-25 00:00:00-04:00,1
42a389ebb402924a,2013-03-27 00:00:00-04:00,5
42a389ebb402924a,2013-03-28 00:00:00-04:00,1
42a389ebb402924a,2013-03-29 00:00:00-04:00,4
42a389ebb402924a,2013-03-30 00:00:00-04:00,4
42a389ebb402924a,2013-03-31 00:00:00-04:00,1
4c2427b7dea51ebb,2013-03-27 00:00:00-04:00,2
4c2427b7dea51ebb,2013-03-29 00:00:00-04:00,1
4c2427b7dea51ebb,2013-03-30 00:00:00-04:00,4
4c2427b7dea51ebb,2013-03-31 00:00:00-04:00,1
4c2427b7dea51ebb,2013-04-01 00:00:00-04:00,4
4c2427b7dea51ebb,2013-04-02 00:00:00-04:00,1
4c2427b7dea51ebb,2013-04-03 00:00:00-04:00,4
4c2427b7dea51ebb,2013-04-04 00:00:00-04:00,1
4c2427b7dea51ebb,2013-04-05 00:00:00-04:00,4
4c2427b7dea51ebb,2013-04-06 00:00:00-04:00,1
4c2427b7dea51ebb,2013-04-07 00:00:00-04:00,1
4c2427b7dea51ebb,2013-04-08 00:00:00-04:00,4
4c2427b7dea51ebb,2013-04-09 00:00:00-04:00,4
4c2427b7dea51ebb,2013-04-10 00:00:00-04:00,2
4c2427b7dea51ebb,2013-04-11 00:00:00-04:00,4
4c2427b7dea51ebb,2013-04-12 00:00:00-04:00,1
4c2427b7dea51ebb,2013-04-13 00:00:00-04:00,1
4c2427b7dea51ebb,2013-04-14 00:00:00-04:00,1
4c2427b7dea51ebb,2013-04-15 00:00:00-04:00,2
4c2427b7dea51ebb,2013-04-16 00:00:00-04:00,2
4c2427b7dea51ebb,2013-04-17 00:00:00-04:00,1
4c2427b7dea51ebb,2013-04-18 00:00:00-04:00,4
4c2427b7dea51ebb,2013-04-20 00:00:00-04:00,4
4c2427b7dea51ebb,2013-04-21 00:00:00-04:00,4
4c2427b7dea51ebb,2013-04-22 00:00:00-04:00,4
4c2427b7dea51ebb,2013-04-23 00:00:00-04:00,1
4c2427b7dea51ebb,2013-04-24 00:00:00-04:00,1
4c2427b7dea51ebb,2013-04-25 00:00:00-04:00,1
4c2427b7dea51ebb,2013-04-26 00:00:00-04:00,2
4c2427b7dea51ebb,2013-04-27 00:00:00-04:00,4
4c2427b7dea51ebb,2013-04-28 00:00:00-04:00,1
4c2427b7dea51ebb,2013-04-29 00:00:00-04:00,1
4c2427b7dea51ebb,2013-04-30 00:00:00-04:00,4
4c2427b7dea51ebb,2013-05-02 00:00:00-04:00,1
4c2427b7dea51ebb,2013-05-03 00:00:00-04:00,1
4c2427b7dea51ebb,2013-05-07 00:00:00-04:00,1
4c2427b7dea51ebb,2013-05-08 00:00:00-04:00,1
4c2427b7dea51ebb,2013-05-09 00:00:00-04:00,1
4c2427b7dea51ebb,2013-05-14 00:00:00-04:00,1
4c2427b7dea51ebb,2013-05-15 00:00:00-04:00,4
4c2427b7dea51ebb,2013-05-17 00:00:00-04:00,1
4c2427b7dea51ebb,2013-05-18 00:00:00-04:00,2
4c2427b7dea51ebb,2013-05-23 00:00:00-04:00,4
4fc7d2e42c31e91b,2013-03-27 00:00:00-04:00,1
4fc7d2e42c31e91b,2013-03-31 00:00:00-04:00,5
4fc7d2e42c31e91b,2013-04-04 00:00:00-04:00,5
4fc7d2e42c31e91b,2013-04-05 00:00:00-04:00,5
4fc7d2e42c31e91b,2013-04-06 00:00:00-04:00,2
4fc7d2e42c31e91b,2013-04-07 00:00:00-04:00,5
4fc7d2e42c31e91b,2013-04-09 00:00:00-04:00,1
4fc7d2e42c31e91b,2013-04-14 00:00:00-04:00,4
4fc7d2e42c31e91b,2013-04-17 00:00:00-04:00,2
4fc7d2e42c31e91b,2013-04-21 00:00:00-04:00,2
4fc7d2e42c31e91b,2013-04-23 00:00:00-04:00,1
4fc7d2e42c31e91b,2013-04-25 00:00:00-04:00,1
4fc7d2e42c31e91b,2013-04-26 00:00:00-04:00,1
4fc7d2e42c31e91b,2013-04-28 00:00:00-04:00,3
4fc7d2e42c31e91b,2013-04-29 00:00:00-04:00,4
4fc7d2e42c31e91b,2013-04-30 00:00:00-04:00,5
4fc7d2e42c31e91b,2013-05-12 00:00:00-04:00,1
5c373475c11275cb,2013-03-27 00:00:00-04:00,1
5c373475c11275cb,2013-03-29 00:00:00-04:00,1
5c373475c11275cb,2013-03-30 00:00:00-04:00,1
5c373475c11275cb,2013-03-31 00:00:00-04:00,1
5c373475c11275cb,2013-04-01 00:00:00-04:00,3
5c373475c11275cb,2013-04-02 00:00:00-04:00,2
5c373475c11275cb,2013-04-03 00:00:00-04:00,2
5c373475c11275cb,2013-04-04 00:00:00-04:00,1
5c373475c11275cb,2013-04-05 00:00:00-04:00,1
5c373475c11275cb,2013-04-06 00:00:00-04:00,1
5c373475c11275cb,2013-04-07 00:00:00-04:00,1
5c373475c11275cb,2013-04-09 00:00:00-04:00,1
5c373475c11275cb,2013-04-11 00:00:00-04:00,3
5c373475c11275cb,2013-04-14 00:00:00-04:00,2
5c373475c11275cb,2013-04-15 00:00:00-04:00,3
5c373475c11275cb,2013-04-16 00:00:00-04:00,2
5c373475c11275cb,2013-04-17 00:00:00-04:00,1
5c373475c11275cb,2013-04-18 00:00:00-04:00,1
5c373475c11275cb,2013-04-22 00:00:00-04:00,1
5c373475c11275cb,2013-04-25 00:00:00-04:00,3
5c373475c11275cb,2013-04-26 00:00:00-04:00,3
5c373475c11275cb,2013-04-28 00:00:00-04:00,3
5c373475c11275cb,2013-04-29 00:00:00-04:00,3
5c373475c11275cb,2013-04-30 00:00:00-04:00,3
5c373475c11275cb,2013-05-07 00:00:00-04:00,2
5c373475c11275cb,2013-05-08 00:00:00-04:00,1
5c373475c11275cb,2013-05-09 00:00:00-04:00,3
6331281a76223853,2013-03-30 00:00:00-04:00,1
6331281a76223853,2013-03-31 00:00:00-04:00,1
6331281a76223853,2013-04-02 00:00:00-04:00,1
6331281a76223853,2013-04-03 00:00:00-04:00,1
6331281a76223853,2013-04-04 00:00:00-04:00,1
6331281a76223853,2013-04-05 00:00:00-04:00,3
6331281a76223853,2013-04-06 00:00:00-04:00,2
6331281a76223853,2013-04-07 00:00:00-04:00,3
6331281a76223853,2013-04-09 00:00:00-04:00,1
6331281a76223853,2013-04-10 00:00:00-04:00,1
6331281a76223853,2013-04-11 00:00:00-04:00,2
6331281a76223853,2013-04-12 00:00:00-04:00,2
6331281a76223853,2013-04-13 00:00:00-04:00,2
6331281a76223853,2013-04-14 00:00:00-04:00,1
6331281a76223853,2013-04-15 00:00:00-04:00,2
6331281a76223853,2013-04-16 00:00:00-04:00,2
6331281a76223853,2013-04-17 00:00:00-04:00,2
6331281a76223853,2013-04-18 00:00:00-04:00,1
6331281a76223853,2013-04-20 00:00:00-04:00,1
6331281a76223853,2013-04-29 00:00:00-04:00,1
6331281a76223853,2013-04-30 00:00:00-04:00,1
6331281a76223853,2013-05-01 00:00:00-04:00,1
6331281a76223853,2013-05-03 00:00:00-04:00,1
6331281a76223853,2013-05-06 00:00:00-04:00,1
6331281a76223853,2013-05-07 00:00:00-04:00,1
6331281a76223853,2013-05-08 00:00:00-04:00,1
6331281a76223853,2013-05-09 00:00:00-04:00,1
6331281a76223853,2013-05-15 00:00:00-04:00,1
6331281a76223853,2013-05-16 00:00:00-04:00,1
6331281a76223853,2013-05-17 00:00:00-04:00,1
6331281a76223853,2013-05-18 00:00:00-04:00,1
6331281a76223853,2013-05-19 00:00:00-04:00,1
6331281a76223853,2013-05-20 00:00:00-04:00,1
6331281a76223853,2013-05-21 00:00:00-04:00,4
6331281a76223853,2013-05-22 00:00:00-04:00,4
6331281a76223853,2013-05-23 00:00:00-04:00,1
6331281a76223853,2013-05-24 00:00:00-04:00,1
640c2e12f2e99593,2013-03-27 00:00:00-04:00,4
640c2e12f2e99593,2013-03-28 00:00:00-04:00,1
640c2e12f2e99593,2013-03-29 00:00:00-04:00,4
640c2e12f2e99593,2013-03-30 00:00:00-04:00,4
640c2e12f2e99593,2013-04-01 00:00:00-04:00,2
640c2e12f2e99593,2013-04-02 00:00:00-04:00,1
640c2e12f2e99593,2013-04-03 00:00:00-04:00,4
640c2e12f2e99593,2013-04-04 00:00:00-04:00,4
640c2e12f2e99593,2013-04-05 00:00:00-04:00,4
640c2e12f2e99593,2013-04-06 00:00:00-04:00,4
640c2e12f2e99593,2013-04-08 00:00:00-04:00,2
640c2e12f2e99593,2013-04-09 00:00:00-04:00,4
640c2e12f2e99593,2013-04-12 00:00:00-04:00,3
640c2e12f2e99593,2013-04-15 00:00:00-04:00,3
640c2e12f2e99593,2013-04-16 00:00:00-04:00,4
640c2e12f2e99593,2013-04-18 00:00:00-04:00,1
678efa6567278633,2013-04-01 00:00:00-04:00,1
678efa6567278633,2013-04-02 00:00:00-04:00,3
678efa6567278633,2013-04-03 00:00:00-04:00,3
678efa6567278633,2013-04-04 00:00:00-04:00,1
678efa6567278633,2013-04-05 00:00:00-04:00,1
678efa6567278633,2013-04-06 00:00:00-04:00,1
678efa6567278633,2013-04-07 00:00:00-04:00,1
678efa6567278633,2013-04-08 00:00:00-04:00,1
678efa6567278633,2013-04-09 00:00:00-04:00,1
678efa6567278633,2013-04-10 00:00:00-04:00,1
678efa6567278633,2013-04-11 00:00:00-04:00,1
678efa6567278633,2013-04-12 00:00:00-04:00,2
678efa6567278633,2013-04-13 00:00:00-04:00,1
678efa6567278633,2013-04-14 00:00:00-04:00,3
678efa6567278633,2013-04-15 00:00:00-04:00,3
678efa6567278633,2013-04-16 00:00:00-04:00,3
678efa6567278633,2013-04-17 00:00:00-04:00,1
678efa6567278633,2013-04-18 00:00:00-04:00,3
678efa6567278633,2013-04-21 00:00:00-04:00,2
678efa6567278633,2013-04-23 00:00:00-04:00,3
678efa6567278633,2013-04-25 00:00:00-04:00,3
678efa6567278633,2013-04-26 00:00:00-04:00,4
678efa6567278633,2013-04-28 00:00:00-04:00,3
678efa6567278633,2013-04-29 00:00:00-04:00,2
678efa6567278633,2013-04-30 00:00:00-04:00,3
678efa6567278633,2013-05-01 00:00:00-04:00,3
678efa6567278633,2013-05-02 00:00:00-04:00,1
678efa6567278633,2013-05-03 00:00:00-04:00,1
678efa6567278633,2013-05-07 00:00:00-04:00,1
678efa6567278633,2013-05-08 00:00:00-04:00,1
678efa6567278633,2013-05-09 00:00:00-04:00,1
678efa6567278633,2013-05-15 00:00:00-04:00,1
678efa6567278633,2013-05-20 00:00:00-04:00,1
678efa6567278633,2013-05-21 00:00:00-04:00,1
678efa6567278633,2013-05-24 00:00:00-04:00,1
6c7d0efd1d78c719,2013-04-02 00:00:00-04:00,5
6c7d0efd1d78c719,2013-04-03 00:00:00-04:00,4
6c7d0efd1d78c719,2013-04-04 00:00:00-04:00,4
6c7d0efd1d78c719,2013-04-05 00:00:00-04:00,4
6c7d0efd1d78c719,2013-04-07 00:00:00-04:00,2
6c7d0efd1d78c719,2013-04-09 00:00:00-04:00,4
6c7d0efd1d78c719,2013-04-13 00:00:00-04:00,4
6c7d0efd1d78c719,2013-04-14 00:00:00-04:00,1
6c7d0efd1d78c719,2013-04-23 00:00:00-04:00,1
6c7d0efd1d78c719,2013-04-26 00:00:00-04:00,4
6c7d0efd1d78c719,2013-04-28 00:00:00-04:00,1
6c7d0efd1d78c719,2013-04-29 00:00:00-04:00,1
6c7d0efd1d78c719,2013-05-08 00:00:00-04:00,1
6c7d0efd1d78c719,2013-05-13 00:00:00-04:00,1
6c7d0efd1d78c719,2013-05-14 00:00:00-04:00,4
6c7d0efd1d78c719,2013-05-15 00:00:00-04:00,5
6c7d0efd1d78c719,2013-05-19 00:00:00-04:00,4
6c7d0efd1d78c719,2013-05-21 00:00:00-04:00,4
6c7d0efd1d78c719,2013-05-22 00:00:00-04:00,4
6ff3c3fb859bc4e6,2013-03-27 00:00:00-04:00,1
6ff3c3fb859bc4e6,2013-03-28 00:00:00-04:00,2
6ff3c3fb859bc4e6,2013-03-29 00:00:00-04:00,1
6ff3c3fb859bc4e6,2013-03-30 00:00:00-04:00,4
6ff3c3fb859bc4e6,2013-03-31 00:00:00-04:00,4
6ff3c3fb859bc4e6,2013-04-01 00:00:00-04:00,1
6ff3c3fb859bc4e6,2013-04-02 00:00:00-04:00,1
6ff3c3fb859bc4e6,2013-04-03 00:00:00-04:00,1
6ff3c3fb859bc4e6,2013-04-04 00:00:00-04:00,1
6ff3c3fb859bc4e6,2013-04-05 00:00:00-04:00,1
6ff3c3fb859bc4e6,2013-04-06 00:00:00-04:00,1
6ff3c3fb859bc4e6,2013-04-07 00:00:00-04:00,1
6ff3c3fb859bc4e6,2013-04-08 00:00:00-04:00,1
6ff3c3fb859bc4e6,2013-04-09 00:00:00-04:00,1
6ff3c3fb859bc4e6,2013-04-10 00:00:00-04:00,1
6ff3c3fb859bc4e6,2013-04-12 00:00:00-04:00,1
6ff3c3fb859bc4e6,2013-04-13 00:00:00-04:00,1
6ff3c3fb859bc4e6,2013-04-14 00:00:00-04:00,1
6ff3c3fb859bc4e6,2013-04-17 00:00:00-04:00,1
6ff3c3fb859bc4e6,2013-04-18 00:00:00-04:00,1
6ff3c3fb859bc4e6,2013-04-20 00:00:00-04:00,1
6ff3c3fb859bc4e6,2013-04-26 00:00:00-04:00,1
6ff3c3fb859bc4e6,2013-04-30 00:00:00-04:00,1
6ff3c3fb859bc4e6,2013-05-01 00:00:00-04:00,1
70a978fcd4bde4c4,2013-03-27 00:00:00-04:00,4
70a978fcd4bde4c4,2013-03-28 00:00:00-04:00,4
70a978fcd4bde4c4,2013-03-29 00:00:00-04:00,1
70a978fcd4bde4c4,2013-03-30 00:00:00-04:00,1
70a978fcd4bde4c4,2013-04-01 00:00:00-04:00,2
70a978fcd4bde4c4,2013-04-02 00:00:00-04:00,2
70a978fcd4bde4c4,2013-04-03 00:00:00-04:00,2
70a978fcd4bde4c4,2013-04-04 00:00:00-04:00,2
70a978fcd4bde4c4,2013-04-06 00:00:00-04:00,2
70a978fcd4bde4c4,2013-04-07 00:00:00-04:00,2
70a978fcd4bde4c4,2013-04-09 00:00:00-04:00,2
70a978fcd4bde4c4,2013-04-10 00:00:00-04:00,2
70a978fcd4bde4c4,2013-04-11 00:00:00-04:00,2
70a978fcd4bde4c4,2013-04-12 00:00:00-04:00,2
70a978fcd4bde4c4,2013-04-13 00:00:00-04:00,2
70a978fcd4bde4c4,2013-04-14 00:00:00-04:00,2
70a978fcd4bde4c4,2013-04-15 00:00:00-04:00,2
70a978fcd4bde4c4,2013-04-16 00:00:00-04:00,2
70a978fcd4bde4c4,2013-04-17 00:00:00-04:00,2
70a978fcd4bde4c4,2013-04-18 00:00:00-04:00,2
70a978fcd4bde4c4,2013-04-20 00:00:00-04:00,2
70a978fcd4bde4c4,2013-04-26 00:00:00-04:00,2
70a978fcd4bde4c4,2013-04-28 00:00:00-04:00,2
70a978fcd4bde4c4,2013-04-29 00:00:00-04:00,3
70a978fcd4bde4c4,2013-04-30 00:00:00-04:00,2
70a978fcd4bde4c4,2013-05-08 00:00:00-04:00,3
70a978fcd4bde4c4,2013-05-09 00:00:00-04:00,3
70a978fcd4bde4c4,2013-05-20 00:00:00-04:00,3
7afd2e21e5ddc153,2013-03-29 00:00:00-04:00,1
7afd2e21e5ddc153,2013-04-05 00:00:00-04:00,4
7afd2e21e5ddc153,2013-04-12 00:00:00-04:00,1
7afd2e21e5ddc153,2013-04-13 00:00:00-04:00,2
7afd2e21e5ddc153,2013-04-17 00:00:00-04:00,1
7afd2e21e5ddc153,2013-04-18 00:00:00-04:00,4
7afd2e21e5ddc153,2013-04-29 00:00:00-04:00,2
7afd2e21e5ddc153,2013-04-30 00:00:00-04:00,2
7afd2e21e5ddc153,2013-05-03 00:00:00-04:00,1
7afd2e21e5ddc153,2013-05-20 00:00:00-04:00,1
7afd2e21e5ddc153,2013-05-23 00:00:00-04:00,4
7afd2e21e5ddc153,2013-05-24 00:00:00-04:00,1
7d68780d2921e43a,2013-03-27 00:00:00-04:00,4
7d68780d2921e43a,2013-03-28 00:00:00-04:00,1
7d68780d2921e43a,2013-03-29 00:00:00-04:00,2
7d68780d2921e43a,2013-03-30 00:00:00-04:00,1
7d68780d2921e43a,2013-03-31 00:00:00-04:00,1
7d68780d2921e43a,2013-04-01 00:00:00-04:00,1
7d68780d2921e43a,2013-04-02 00:00:00-04:00,4
7d68780d2921e43a,2013-04-03 00:00:00-04:00,4
7d68780d2921e43a,2013-04-04 00:00:00-04:00,1
7d68780d2921e43a,2013-04-05 00:00:00-04:00,1
7d68780d2921e43a,2013-04-07 00:00:00-04:00,4
7d68780d2921e43a,2013-04-08 00:00:00-04:00,5
7d68780d2921e43a,2013-04-09 00:00:00-04:00,4
7d68780d2921e43a,2013-04-10 00:00:00-04:00,1
7d68780d2921e43a,2013-04-11 00:00:00-04:00,4
7d68780d2921e43a,2013-04-12 00:00:00-04:00,4
7d68780d2921e43a,2013-04-13 00:00:00-04:00,2
7d68780d2921e43a,2013-04-14 00:00:00-04:00,1
7d68780d2921e43a,2013-04-15 00:00:00-04:00,1
7d68780d2921e43a,2013-04-16 00:00:00-04:00,1
7d68780d2921e43a,2013-04-17 00:00:00-04:00,1
7d68780d2921e43a,2013-04-18 00:00:00-04:00,4
7d68780d2921e43a,2013-04-20 00:00:00-04:00,1
7d68780d2921e43a,2013-04-23 00:00:00-04:00,4
7d68780d2921e43a,2013-05-06 00:00:00-04:00,4
7d68780d2921e43a,2013-05-07 00:00:00-04:00,4
7d68780d2921e43a,2013-05-12 00:00:00-04:00,4
7d68780d2921e43a,2013-05-15 00:00:00-04:00,1
7d68780d2921e43a,2013-05-23 00:00:00-04:00,4
7ed0af9eea8919f3,2013-03-28 00:00:00-04:00,1
7ed0af9eea8919f3,2013-03-29 00:00:00-04:00,1
7ed0af9eea8919f3,2013-03-31 00:00:00-04:00,1
7ed0af9eea8919f3,2013-04-03 00:00:00-04:00,4
7ed0af9eea8919f3,2013-04-06 00:00:00-04:00,5
7ed0af9eea8919f3,2013-04-07 00:00:00-04:00,2
7ed0af9eea8919f3,2013-04-10 00:00:00-04:00,5
7ed0af9eea8919f3,2013-04-11 00:00:00-04:00,4
7ed0af9eea8919f3,2013-04-13 00:00:00-04:00,4
7ed0af9eea8919f3,2013-04-14 00:00:00-04:00,4
7ed0af9eea8919f3,2013-04-16 00:00:00-04:00,4
7ed0af9eea8919f3,2013-04-17 00:00:00-04:00,1
7ed0af9eea8919f3,2013-04-18 00:00:00-04:00,2
7ed0af9eea8919f3,2013-04-20 00:00:00-04:00,1
7ed0af9eea8919f3,2013-04-22 00:00:00-04:00,4
7ed0af9eea8919f3,2013-04-25 00:00:00-04:00,4
7ed0af9eea8919f3,2013-04-26 00:00:00-04:00,1
7ed0af9eea8919f3,2013-04-29 00:00:00-04:00,1
7ed0af9eea8919f3,2013-05-03 00:00:00-04:00,4
83e512f8e224d35c,2013-03-27 00:00:00-04:00,4
83e512f8e224d35c,2013-03-28 00:00:00-04:00,1
83e512f8e224d35c,2013-03-29 00:00:00-04:00,1
83e512f8e224d35c,2013-03-30 00:00:00-04:00,1
83e512f8e224d35c,2013-04-01 00:00:00-04:00,1
83e512f8e224d35c,2013-04-02 00:00:00-04:00,1
83e512f8e224d35c,2013-04-03 00:00:00-04:00,1
83e512f8e224d35c,2013-04-04 00:00:00-04:00,1
83e512f8e224d35c,2013-04-05 00:00:00-04:00,2
83e512f8e224d35c,2013-04-06 00:00:00-04:00,2
83e512f8e224d35c,2013-04-07 00:00:00-04:00,3
83e512f8e224d35c,2013-04-08 00:00:00-04:00,1
83e512f8e224d35c,2013-04-09 00:00:00-04:00,2
83e512f8e224d35c,2013-04-10 00:00:00-04:00,2
83e512f8e224d35c,2013-04-11 00:00:00-04:00,2
83e512f8e224d35c,2013-04-12 00:00:00-04:00,1
83e512f8e224d35c,2013-04-13 00:00:00-04:00,2
83e512f8e224d35c,2013-04-14 00:00:00-04:00,1
83e512f8e224d35c,2013-04-15 00:00:00-04:00,2
83e512f8e224d35c,2013-04-16 00:00:00-04:00,2
83e512f8e224d35c,2013-04-17 00:00:00-04:00,2
83e512f8e224d35c,2013-04-18 00:00:00-04:00,2
83e512f8e224d35c,2013-04-19 00:00:00-04:00,1
83e512f8e224d35c,2013-04-21 00:00:00-04:00,2
83e512f8e224d35c,2013-04-23 00:00:00-04:00,1
83e512f8e224d35c,2013-04-25 00:00:00-04:00,2
83e512f8e224d35c,2013-04-26 00:00:00-04:00,1
83e512f8e224d35c,2013-04-28 00:00:00-04:00,2
83e512f8e224d35c,2013-04-29 00:00:00-04:00,3
83e512f8e224d35c,2013-05-01 00:00:00-04:00,2
83e512f8e224d35c,2013-05-02 00:00:00-04:00,2
83e512f8e224d35c,2013-05-03 00:00:00-04:00,1
83e512f8e224d35c,2013-05-05 00:00:00-04:00,1
83e512f8e224d35c,2013-05-06 00:00:00-04:00,1
83e512f8e224d35c,2013-05-07 00:00:00-04:00,3
83e512f8e224d35c,2013-05-08 00:00:00-04:00,1
83e512f8e224d35c,2013-05-09 00:00:00-04:00,2
83e512f8e224d35c,2013-05-12 00:00:00-04:00,4
83e512f8e224d35c,2013-05-13 00:00:00-04:00,2
83e512f8e224d35c,2013-05-14 00:00:00-04:00,1
83e512f8e224d35c,2013-05-15 00:00:00-04:00,1
83e512f8e224d35c,2013-05-16 00:00:00-04:00,3
83e512f8e224d35c,2013-05-17 00:00:00-04:00,3
83e512f8e224d35c,2013-05-19 00:00:00-04:00,4
83e512f8e224d35c,2013-05-20 00:00:00-04:00,1
83e512f8e224d35c,2013-05-21 00:00:00-04:00,1
83e512f8e224d35c,2013-05-22 00:00:00-04:00,4
83e512f8e224d35c,2013-05-23 00:00:00-04:00,3
83e512f8e224d35c,2013-05-24 00:00:00-04:00,4
83e512f8e224d35c,2013-05-25 00:00:00-04:00,3
83e512f8e224d35c,2013-05-26 00:00:00-04:00,2
83e512f8e224d35c,2013-05-29 00:00:00-04:00,4
83e512f8e224d35c,2013-05-31 00:00:00-04:00,5
83e512f8e224d35c,2013-06-01 00:00:00-04:00,4
84b0b4eb371de2e2,2013-03-29 00:00:00-04:00,1
84b0b4eb371de2e2,2013-03-30 00:00:00-04:00,5
84b0b4eb371de2e2,2013-03-31 00:00:00-04:00,4
84b0b4eb371de2e2,2013-04-02 00:00:00-04:00,1
84b0b4eb371de2e2,2013-04-03 00:00:00-04:00,4
84b0b4eb371de2e2,2013-04-04 00:00:00-04:00,4
84b0b4eb371de2e2,2013-04-05 00:00:00-04:00,5
84b0b4eb371de2e2,2013-04-06 00:00:00-04:00,5
84b0b4eb371de2e2,2013-04-09 00:00:00-04:00,4
84b0b4eb371de2e2,2013-04-10 00:00:00-04:00,1
84b0b4eb371de2e2,2013-04-11 00:00:00-04:00,5
84b0b4eb371de2e2,2013-04-12 00:00:00-04:00,1
84b0b4eb371de2e2,2013-04-13 00:00:00-04:00,1
84b0b4eb371de2e2,2013-04-14 00:00:00-04:00,4
84b0b4eb371de2e2,2013-04-15 00:00:00-04:00,1
84b0b4eb371de2e2,2013-04-16 00:00:00-04:00,1
84b0b4eb371de2e2,2013-04-18 00:00:00-04:00,1
84b0b4eb371de2e2,2013-04-19 00:00:00-04:00,4
84b0b4eb371de2e2,2013-04-21 00:00:00-04:00,2
84b0b4eb371de2e2,2013-04-22 00:00:00-04:00,3
84b0b4eb371de2e2,2013-04-29 00:00:00-04:00,1
84b0b4eb371de2e2,2013-05-02 00:00:00-04:00,1
84b0b4eb371de2e2,2013-05-07 00:00:00-04:00,5
84b0b4eb371de2e2,2013-05-08 00:00:00-04:00,1
84b0b4eb371de2e2,2013-05-12 00:00:00-04:00,3
84b0b4eb371de2e2,2013-05-19 00:00:00-04:00,1
84b0b4eb371de2e2,2013-05-21 00:00:00-04:00,1
84b0b4eb371de2e2,2013-05-22 00:00:00-04:00,1
94e6b5a99aff8556,2013-03-27 00:00:00-04:00,4
94e6b5a99aff8556,2013-03-29 00:00:00-04:00,1
94e6b5a99aff8556,2013-04-03 00:00:00-04:00,1
94e6b5a99aff8556,2013-04-04 00:00:00-04:00,1
94e6b5a99aff8556,2013-04-06 00:00:00-04:00,1
94e6b5a99aff8556,2013-04-07 00:00:00-04:00,1
94e6b5a99aff8556,2013-04-11 00:00:00-04:00,2
9ddbeaee1439194d,2013-03-29 00:00:00-04:00,1
9ddbeaee1439194d,2013-03-30 00:00:00-04:00,1
9ddbeaee1439194d,2013-03-31 00:00:00-04:00,1
9ddbeaee1439194d,2013-04-03 00:00:00-04:00,3
9ddbeaee1439194d,2013-04-05 00:00:00-04:00,1
9ddbeaee1439194d,2013-04-09 00:00:00-04:00,1
9ddbeaee1439194d,2013-04-16 00:00:00-04:00,1
9ddbeaee1439194d,2013-04-17 00:00:00-04:00,1
ad6e3c7b08dec18b,2013-03-27 00:00:00-04:00,1
ad6e3c7b08dec18b,2013-03-28 00:00:00-04:00,1
ad6e3c7b08dec18b,2013-03-29 00:00:00-04:00,1
ad6e3c7b08dec18b,2013-03-30 00:00:00-04:00,1
ad6e3c7b08dec18b,2013-03-31 00:00:00-04:00,4
ad6e3c7b08dec18b,2013-04-02 00:00:00-04:00,2
ad6e3c7b08dec18b,2013-04-03 00:00:00-04:00,1
ad6e3c7b08dec18b,2013-04-04 00:00:00-04:00,4
ad6e3c7b08dec18b,2013-04-05 00:00:00-04:00,4
ad6e3c7b08dec18b,2013-04-07 00:00:00-04:00,2
ad6e3c7b08dec18b,2013-04-08 00:00:00-04:00,3
ad6e3c7b08dec18b,2013-04-09 00:00:00-04:00,1
ad6e3c7b08dec18b,2013-04-10 00:00:00-04:00,3
ad6e3c7b08dec18b,2013-04-11 00:00:00-04:00,1
ad6e3c7b08dec18b,2013-04-12 00:00:00-04:00,4
ad6e3c7b08dec18b,2013-04-13 00:00:00-04:00,3
ad6e3c7b08dec18b,2013-04-14 00:00:00-04:00,1
ad6e3c7b08dec18b,2013-04-15 00:00:00-04:00,1
ad6e3c7b08dec18b,2013-04-16 00:00:00-04:00,1
ad6e3c7b08dec18b,2013-04-17 00:00:00-04:00,1
ad6e3c7b08dec18b,2013-04-18 00:00:00-04:00,2
ad6e3c7b08dec18b,2013-04-19 00:00:00-04:00,3
ad6e3c7b08dec18b,2013-04-20 00:00:00-04:00,2
ad6e3c7b08dec18b,2013-04-21 00:00:00-04:00,3
ad6e3c7b08dec18b,2013-04-23 00:00:00-04:00,1
ad6e3c7b08dec18b,2013-04-26 00:00:00-04:00,3
ad6e3c7b08dec18b,2013-04-28 00:00:00-04:00,3
ad6e3c7b08dec18b,2013-04-29 00:00:00-04:00,3
ad6e3c7b08dec18b,2013-04-30 00:00:00-04:00,4
ad6e3c7b08dec18b,2013-05-01 00:00:00-04:00,1
ad6e3c7b08dec18b,2013-05-02 00:00:00-04:00,1
ad6e3c7b08dec18b,2013-05-03 00:00:00-04:00,3
ad6e3c7b08dec18b,2013-05-04 00:00:00-04:00,2
ad6e3c7b08dec18b,2013-05-05 00:00:00-04:00,2
ad6e3c7b08dec18b,2013-05-06 00:00:00-04:00,3
ad6e3c7b08dec18b,2013-05-07 00:00:00-04:00,2
ad6e3c7b08dec18b,2013-05-08 00:00:00-04:00,3
ad6e3c7b08dec18b,2013-05-09 00:00:00-04:00,2
ad6e3c7b08dec18b,2013-05-10 00:00:00-04:00,3
ad6e3c7b08dec18b,2013-05-11 00:00:00-04:00,1
ad6e3c7b08dec18b,2013-05-12 00:00:00-04:00,1
ad6e3c7b08dec18b,2013-05-13 00:00:00-04:00,2
ad6e3c7b08dec18b,2013-05-14 00:00:00-04:00,2
ad6e3c7b08dec18b,2013-05-15 00:00:00-04:00,2
ad6e3c7b08dec18b,2013-05-17 00:00:00-04:00,1
ad6e3c7b08dec18b,2013-05-18 00:00:00-04:00,1
ad6e3c7b08dec18b,2013-05-19 00:00:00-04:00,4
ad6e3c7b08dec18b,2013-05-20 00:00:00-04:00,2
ad6e3c7b08dec18b,2013-05-21 00:00:00-04:00,3
ad6e3c7b08dec18b,2013-05-22 00:00:00-04:00,1
ad6e3c7b08dec18b,2013-05-23 00:00:00-04:00,2
ad6e3c7b08dec18b,2013-05-24 00:00:00-04:00,1
ad6e3c7b08dec18b,2013-05-28 00:00:00-04:00,3
afc0179f4807c4d1,2013-03-31 00:00:00-04:00,4
afc0179f4807c4d1,2013-04-02 00:00:00-04:00,1
afc0179f4807c4d1,2013-04-03 00:00:00-04:00,4
afc0179f4807c4d1,2013-04-04 00:00:00-04:00,1
afc0179f4807c4d1,2013-04-15 00:00:00-04:00,1
afc0179f4807c4d1,2013-04-29 00:00:00-04:00,1
b5e6aa699aa6bb40,2013-03-31 00:00:00-04:00,2
b5e6aa699aa6bb40,2013-04-01 00:00:00-04:00,1
b5e6aa699aa6bb40,2013-04-02 00:00:00-04:00,4
b5e6aa699aa6bb40,2013-04-03 00:00:00-04:00,1
b5e6aa699aa6bb40,2013-04-04 00:00:00-04:00,1
b5e6aa699aa6bb40,2013-04-05 00:00:00-04:00,3
b5e6aa699aa6bb40,2013-04-06 00:00:00-04:00,3
b5e6aa699aa6bb40,2013-04-07 00:00:00-04:00,3
b5e6aa699aa6bb40,2013-04-08 00:00:00-04:00,4
b5e6aa699aa6bb40,2013-04-09 00:00:00-04:00,4
b5e6aa699aa6bb40,2013-04-11 00:00:00-04:00,3
b5e6aa699aa6bb40,2013-04-12 00:00:00-04:00,1
b5e6aa699aa6bb40,2013-04-13 00:00:00-04:00,3
b5e6aa699aa6bb40,2013-04-15 00:00:00-04:00,3
b5e6aa699aa6bb40,2013-04-17 00:00:00-04:00,3
b5e6aa699aa6bb40,2013-04-26 00:00:00-04:00,3
b5e6aa699aa6bb40,2013-04-28 00:00:00-04:00,3
b5e6aa699aa6bb40,2013-04-29 00:00:00-04:00,3
b5e6aa699aa6bb40,2013-04-30 00:00:00-04:00,3
b5e6aa699aa6bb40,2013-05-02 00:00:00-04:00,1
b5e6aa699aa6bb40,2013-05-06 00:00:00-04:00,2
b5e6aa699aa6bb40,2013-05-07 00:00:00-04:00,1
b5e6aa699aa6bb40,2013-05-09 00:00:00-04:00,1
b8f706e7df594c66,2013-03-30 00:00:00-04:00,4
b8f706e7df594c66,2013-03-31 00:00:00-04:00,4
b8f706e7df594c66,2013-04-01 00:00:00-04:00,1
b8f706e7df594c66,2013-04-02 00:00:00-04:00,1
b8f706e7df594c66,2013-04-03 00:00:00-04:00,1
b8f706e7df594c66,2013-04-04 00:00:00-04:00,1
b8f706e7df594c66,2013-04-05 00:00:00-04:00,1
b8f706e7df594c66,2013-04-06 00:00:00-04:00,4
b8f706e7df594c66,2013-04-07 00:00:00-04:00,4
b8f706e7df594c66,2013-04-08 00:00:00-04:00,1
b8f706e7df594c66,2013-04-09 00:00:00-04:00,4
b8f706e7df594c66,2013-04-10 00:00:00-04:00,4
b8f706e7df594c66,2013-04-11 00:00:00-04:00,1
b8f706e7df594c66,2013-04-12 00:00:00-04:00,4
b8f706e7df594c66,2013-04-13 00:00:00-04:00,4
b8f706e7df594c66,2013-04-14 00:00:00-04:00,1
b8f706e7df594c66,2013-04-15 00:00:00-04:00,1
b8f706e7df594c66,2013-04-16 00:00:00-04:00,1
b8f706e7df594c66,2013-04-17 00:00:00-04:00,4
b8f706e7df594c66,2013-04-18 00:00:00-04:00,4
b8f706e7df594c66,2013-04-20 00:00:00-04:00,4
b8f706e7df594c66,2013-04-21 00:00:00-04:00,1
b8f706e7df594c66,2013-04-22 00:00:00-04:00,4
b8f706e7df594c66,2013-04-23 00:00:00-04:00,4
b8f706e7df594c66,2013-04-24 00:00:00-04:00,4
b8f706e7df594c66,2013-04-26 00:00:00-04:00,1
b8f706e7df594c66,2013-04-28 00:00:00-04:00,1
b8f706e7df594c66,2013-04-29 00:00:00-04:00,1
b8f706e7df594c66,2013-04-30 00:00:00-04:00,4
b8f706e7df594c66,2013-05-05 00:00:00-04:00,1
b8f706e7df594c66,2013-05-06 00:00:00-04:00,1
b8f706e7df594c66,2013-05-07 00:00:00-04:00,1
b8f706e7df594c66,2013-05-08 00:00:00-04:00,1
b8f706e7df594c66,2013-05-10 00:00:00-04:00,1
b8f706e7df594c66,2013-05-14 00:00:00-04:00,1
b8f706e7df594c66,2013-05-18 00:00:00-04:00,5
b8f706e7df594c66,2013-05-22 00:00:00-04:00,1
b8f706e7df594c66,2013-05-24 00:00:00-04:00,1
b8f706e7df594c66,2013-05-27 00:00:00-04:00,4
bcf5858b23ad5d6c,2013-03-27 00:00:00-04:00,4
bcf5858b23ad5d6c,2013-03-28 00:00:00-04:00,4
bcf5858b23ad5d6c,2013-03-29 00:00:00-04:00,1
c053adfef70960b7,2013-03-28 00:00:00-04:00,4
c053adfef70960b7,2013-03-29 00:00:00-04:00,1
c053adfef70960b7,2013-03-30 00:00:00-04:00,1
c053adfef70960b7,2013-03-31 00:00:00-04:00,4
c053adfef70960b7,2013-04-01 00:00:00-04:00,2
c053adfef70960b7,2013-04-02 00:00:00-04:00,2
c053adfef70960b7,2013-04-03 00:00:00-04:00,2
c053adfef70960b7,2013-04-04 00:00:00-04:00,2
c053adfef70960b7,2013-04-05 00:00:00-04:00,4
c053adfef70960b7,2013-04-06 00:00:00-04:00,1
c053adfef70960b7,2013-04-07 00:00:00-04:00,4
c053adfef70960b7,2013-04-08 00:00:00-04:00,4
c053adfef70960b7,2013-04-09 00:00:00-04:00,1
c053adfef70960b7,2013-04-10 00:00:00-04:00,4
c053adfef70960b7,2013-04-11 00:00:00-04:00,4
c053adfef70960b7,2013-04-12 00:00:00-04:00,1
c053adfef70960b7,2013-04-13 00:00:00-04:00,4
c053adfef70960b7,2013-04-14 00:00:00-04:00,1
c053adfef70960b7,2013-04-15 00:00:00-04:00,4
c053adfef70960b7,2013-04-16 00:00:00-04:00,4
c053adfef70960b7,2013-04-17 00:00:00-04:00,3
c053adfef70960b7,2013-04-18 00:00:00-04:00,4
c053adfef70960b7,2013-04-20 00:00:00-04:00,5
c053adfef70960b7,2013-04-28 00:00:00-04:00,2
c053adfef70960b7,2013-04-29 00:00:00-04:00,2
c053adfef70960b7,2013-04-30 00:00:00-04:00,3
c053adfef70960b7,2013-05-01 00:00:00-04:00,3
c053adfef70960b7,2013-05-02 00:00:00-04:00,2
c053adfef70960b7,2013-05-06 00:00:00-04:00,3
c053adfef70960b7,2013-05-07 00:00:00-04:00,3
c053adfef70960b7,2013-05-08 00:00:00-04:00,3
c053adfef70960b7,2013-05-14 00:00:00-04:00,3
c053adfef70960b7,2013-05-15 00:00:00-04:00,3
c053adfef70960b7,2013-05-16 00:00:00-04:00,3
c053adfef70960b7,2013-05-17 00:00:00-04:00,3
c053adfef70960b7,2013-05-18 00:00:00-04:00,3
c053adfef70960b7,2013-05-19 00:00:00-04:00,3
c053adfef70960b7,2013-05-22 00:00:00-04:00,3
c053adfef70960b7,2013-05-24 00:00:00-04:00,4
c053adfef70960b7,2013-05-29 00:00:00-04:00,2
c8f5504447e51c4f,2013-03-27 00:00:00-04:00,4
c8f5504447e51c4f,2013-03-29 00:00:00-04:00,1
c8f5504447e51c4f,2013-03-30 00:00:00-04:00,4
c8f5504447e51c4f,2013-04-03 00:00:00-04:00,1
c8f5504447e51c4f,2013-04-05 00:00:00-04:00,1
c8f5504447e51c4f,2013-04-08 00:00:00-04:00,1
c8f5504447e51c4f,2013-04-09 00:00:00-04:00,1
c8f5504447e51c4f,2013-04-15 00:00:00-04:00,3
c8f5504447e51c4f,2013-04-18 00:00:00-04:00,1
c8f5504447e51c4f,2013-04-20 00:00:00-04:00,1
c8f5504447e51c4f,2013-04-21 00:00:00-04:00,1
c8f5504447e51c4f,2013-04-26 00:00:00-04:00,3
c8f5504447e51c4f,2013-04-29 00:00:00-04:00,3
c8f5504447e51c4f,2013-04-30 00:00:00-04:00,3
cd6251b4de52453b,2013-03-25 00:00:00-04:00,2
cd6251b4de52453b,2013-03-26 00:00:00-04:00,1
cd6251b4de52453b,2013-03-27 00:00:00-04:00,1
cd6251b4de52453b,2013-03-28 00:00:00-04:00,4
cd6251b4de52453b,2013-03-29 00:00:00-04:00,4
cd6251b4de52453b,2013-03-30 00:00:00-04:00,4
cd6251b4de52453b,2013-03-31 00:00:00-04:00,5
cd6251b4de52453b,2013-04-02 00:00:00-04:00,2
cd6251b4de52453b,2013-04-03 00:00:00-04:00,4
cd6251b4de52453b,2013-04-04 00:00:00-04:00,4
cd6251b4de52453b,2013-04-05 00:00:00-04:00,1
cd6251b4de52453b,2013-04-07 00:00:00-04:00,3
cd6251b4de52453b,2013-04-09 00:00:00-04:00,1
cd6251b4de52453b,2013-04-12 00:00:00-04:00,2
cd6251b4de52453b,2013-04-14 00:00:00-04:00,3
cd6251b4de52453b,2013-04-15 00:00:00-04:00,3
cd6251b4de52453b,2013-04-16 00:00:00-04:00,3
cd6251b4de52453b,2013-04-17 00:00:00-04:00,3
cd6251b4de52453b,2013-04-18 00:00:00-04:00,4
cd6251b4de52453b,2013-04-23 00:00:00-04:00,1
cd6251b4de52453b,2013-04-25 00:00:00-04:00,1
cd6251b4de52453b,2013-04-26 00:00:00-04:00,1
cd6251b4de52453b,2013-04-28 00:00:00-04:00,1
cd6251b4de52453b,2013-04-29 00:00:00-04:00,2
cd6251b4de52453b,2013-04-30 00:00:00-04:00,3
cd6251b4de52453b,2013-05-06 00:00:00-04:00,1
cd6251b4de52453b,2013-05-08 00:00:00-04:00,4
cd6251b4de52453b,2013-05-14 00:00:00-04:00,4
cd6251b4de52453b,2013-05-15 00:00:00-04:00,4
cd6251b4de52453b,2013-05-16 00:00:00-04:00,4
cd6251b4de52453b,2013-05-17 00:00:00-04:00,4
cd6251b4de52453b,2013-05-20 00:00:00-04:00,1
cd6251b4de52453b,2013-05-21 00:00:00-04:00,2
cd6251b4de52453b,2013-05-22 00:00:00-04:00,1
cd6251b4de52453b,2013-05-23 00:00:00-04:00,1
cd6251b4de52453b,2013-05-24 00:00:00-04:00,1
cd6251b4de52453b,2013-05-25 00:00:00-04:00,3
cd6251b4de52453b,2013-06-03 00:00:00-04:00,1
cda188c15b09fbc7,2013-03-26 00:00:00-04:00,2
cda188c15b09fbc7,2013-03-27 00:00:00-04:00,4
cda188c15b09fbc7,2013-03-28 00:00:00-04:00,1
cda188c15b09fbc7,2013-03-29 00:00:00-04:00,5
cda188c15b09fbc7,2013-03-30 00:00:00-04:00,5
cda188c15b09fbc7,2013-03-31 00:00:00-04:00,4
cda188c15b09fbc7,2013-04-01 00:00:00-04:00,5
cda188c15b09fbc7,2013-04-03 00:00:00-04:00,4
cda188c15b09fbc7,2013-04-04 00:00:00-04:00,4
cda188c15b09fbc7,2013-04-05 00:00:00-04:00,5
cda188c15b09fbc7,2013-04-08 00:00:00-04:00,4
cda188c15b09fbc7,2013-04-11 00:00:00-04:00,1
cda188c15b09fbc7,2013-04-12 00:00:00-04:00,4
cda188c15b09fbc7,2013-04-13 00:00:00-04:00,4
cda188c15b09fbc7,2013-04-15 00:00:00-04:00,2
cda188c15b09fbc7,2013-04-16 00:00:00-04:00,4
cda188c15b09fbc7,2013-04-17 00:00:00-04:00,4
cda188c15b09fbc7,2013-04-18 00:00:00-04:00,4
cda188c15b09fbc7,2013-04-20 00:00:00-04:00,4
cda188c15b09fbc7,2013-04-23 00:00:00-04:00,5
d853ba7bf3a89249,2013-03-27 00:00:00-04:00,4
d853ba7bf3a89249,2013-03-28 00:00:00-04:00,3
d853ba7bf3a89249,2013-03-29 00:00:00-04:00,1
d853ba7bf3a89249,2013-03-30 00:00:00-04:00,3
d853ba7bf3a89249,2013-03-31 00:00:00-04:00,4
d853ba7bf3a89249,2013-04-02 00:00:00-04:00,4
d853ba7bf3a89249,2013-04-03 00:00:00-04:00,1
d853ba7bf3a89249,2013-04-04 00:00:00-04:00,3
d853ba7bf3a89249,2013-04-05 00:00:00-04:00,4
d853ba7bf3a89249,2013-04-06 00:00:00-04:00,3
d853ba7bf3a89249,2013-04-09 00:00:00-04:00,1
d853ba7bf3a89249,2013-04-10 00:00:00-04:00,1
d853ba7bf3a89249,2013-04-11 00:00:00-04:00,1
d853ba7bf3a89249,2013-04-13 00:00:00-04:00,3
d853ba7bf3a89249,2013-04-15 00:00:00-04:00,1
d853ba7bf3a89249,2013-04-16 00:00:00-04:00,1
d853ba7bf3a89249,2013-04-19 00:00:00-04:00,5
d853ba7bf3a89249,2013-04-25 00:00:00-04:00,1
d853ba7bf3a89249,2013-04-29 00:00:00-04:00,3
d853ba7bf3a89249,2013-04-30 00:00:00-04:00,3
d853ba7bf3a89249,2013-05-07 00:00:00-04:00,1
d853ba7bf3a89249,2013-05-08 00:00:00-04:00,1
d853ba7bf3a89249,2013-05-23 00:00:00-04:00,2
da1b3717d0ae0754,2013-03-31 00:00:00-04:00,2
da1b3717d0ae0754,2013-04-03 00:00:00-04:00,2
da1b3717d0ae0754,2013-04-04 00:00:00-04:00,2
da1b3717d0ae0754,2013-04-09 00:00:00-04:00,1
da1b3717d0ae0754,2013-04-13 00:00:00-04:00,2
da1b3717d0ae0754,2013-04-14 00:00:00-04:00,3
da1b3717d0ae0754,2013-04-16 00:00:00-04:00,1
da1b3717d0ae0754,2013-04-26 00:00:00-04:00,1
da1b3717d0ae0754,2013-04-28 00:00:00-04:00,2
da1b3717d0ae0754,2013-04-30 00:00:00-04:00,3
da1b3717d0ae0754,2013-05-08 00:00:00-04:00,3
e6f9550c1a45e908,2013-03-26 00:00:00-04:00,1
e6f9550c1a45e908,2013-03-27 00:00:00-04:00,4
e6f9550c1a45e908,2013-03-28 00:00:00-04:00,1
e6f9550c1a45e908,2013-03-29 00:00:00-04:00,2
e6f9550c1a45e908,2013-03-30 00:00:00-04:00,1
e6f9550c1a45e908,2013-03-31 00:00:00-04:00,3
e6f9550c1a45e908,2013-04-01 00:00:00-04:00,1
e6f9550c1a45e908,2013-04-02 00:00:00-04:00,1
e6f9550c1a45e908,2013-04-03 00:00:00-04:00,1
e6f9550c1a45e908,2013-04-04 00:00:00-04:00,1
e6f9550c1a45e908,2013-04-05 00:00:00-04:00,1
e6f9550c1a45e908,2013-04-06 00:00:00-04:00,1
e6f9550c1a45e908,2013-04-07 00:00:00-04:00,1
e6f9550c1a45e908,2013-04-09 00:00:00-04:00,1
e6f9550c1a45e908,2013-04-10 00:00:00-04:00,1
e6f9550c1a45e908,2013-04-11 00:00:00-04:00,2
e6f9550c1a45e908,2013-04-12 00:00:00-04:00,2
e6f9550c1a45e908,2013-04-13 00:00:00-04:00,2
e6f9550c1a45e908,2013-04-14 00:00:00-04:00,2
e6f9550c1a45e908,2013-04-15 00:00:00-04:00,2
e6f9550c1a45e908,2013-04-16 00:00:00-04:00,2
e6f9550c1a45e908,2013-04-17 00:00:00-04:00,2
e6f9550c1a45e908,2013-04-18 00:00:00-04:00,3
e6f9550c1a45e908,2013-04-20 00:00:00-04:00,2
e6f9550c1a45e908,2013-04-21 00:00:00-04:00,3
e6f9550c1a45e908,2013-04-23 00:00:00-04:00,2
e6f9550c1a45e908,2013-04-24 00:00:00-04:00,3
e6f9550c1a45e908,2013-04-25 00:00:00-04:00,3
e6f9550c1a45e908,2013-04-26 00:00:00-04:00,3
e6f9550c1a45e908,2013-04-28 00:00:00-04:00,2
e6f9550c1a45e908,2013-04-29 00:00:00-04:00,2
e6f9550c1a45e908,2013-04-30 00:00:00-04:00,3
e6f9550c1a45e908,2013-05-01 00:00:00-04:00,2
e6f9550c1a45e908,2013-05-02 00:00:00-04:00,1
e6f9550c1a45e908,2013-05-05 00:00:00-04:00,3
e6f9550c1a45e908,2013-05-06 00:00:00-04:00,2
e6f9550c1a45e908,2013-05-08 00:00:00-04:00,2
e6f9550c1a45e908,2013-05-09 00:00:00-04:00,2
e6f9550c1a45e908,2013-05-19 00:00:00-04:00,2
e6f9550c1a45e908,2013-05-23 00:00:00-04:00,2
e6f9550c1a45e908,2013-05-24 00:00:00-04:00,2
